Requested sampling_freq=416.000000; now=416.000000
Ism330IioReader::__start_thread__.
IIO IMU started at accel@iio:device1 + gyro@iio:device0
acc_x=-0.187m/s, acc_y=0.396m/s, acc_z=10.221m/s, gyrv_x=-0.289°/s, gyrv_y=-21.822°/s, gyrv_z=4.769°/s, time=7058.827
acc_x=0.108m/s, acc_y=0.510m/s, acc_z=9.983m/s, gyrv_x=51.931°/s, gyrv_y=-5.355°/s, gyrv_z=-158.593°/s, time=7058.876
acc_x=-9.067m/s, acc_y=1.453m/s, acc_z=10.192m/s, gyrv_x=6.204°/s, gyrv_y=-60.882°/s, gyrv_z=-205.677°/s, time=7058.935
acc_x=-10.787m/s, acc_y=-8.336m/s, acc_z=16.159m/s, gyrv_x=-8.706°/s, gyrv_y=25.734°/s, gyrv_z=-175.026°/s, time=7058.987
acc_x=-1.375m/s, acc_y=-1.406m/s, acc_z=13.077m/s, gyrv_x=6.694°/s, gyrv_y=30.905°/s, gyrv_z=-31.561°/s, time=7059.045
acc_x=5.023m/s, acc_y=3.736m/s, acc_z=11.359m/s, gyrv_x=-37.292°/s, gyrv_y=-46.734°/s, gyrv_z=-43.242°/s, time=7059.096
acc_x=-10.347m/s, acc_y=-2.289m/s, acc_z=15.790m/s, gyrv_x=74.392°/s, gyrv_y=-37.266°/s, gyrv_z=22.199°/s, time=7059.151
acc_x=-4.365m/s, acc_y=-12.846m/s, acc_z=19.600m/s, gyrv_x=45.780°/s, gyrv_y=27.834°/s, gyrv_z=-43.645°/s, time=7059.203
acc_x=0.294m/s, acc_y=5.871m/s, acc_z=19.600m/s, gyrv_x=65.511°/s, gyrv_y=-74.821°/s, gyrv_z=-90.002°/s, time=7059.252
acc_x=0.207m/s, acc_y=-7.247m/s, acc_z=12.954m/s, gyrv_x=82.066°/s, gyrv_y=-33.355°/s, gyrv_z=-150.955°/s, time=7059.309
acc_x=-2.283m/s, acc_y=1.289m/s, acc_z=10.238m/s, gyrv_x=64.531°/s, gyrv_y=-59.517°/s, gyrv_z=-141.452°/s, time=7059.369
acc_x=-5.569m/s, acc_y=0.185m/s, acc_z=9.057m/s, gyrv_x=-43.234°/s, gyrv_y=-20.554°/s, gyrv_z=-61.512°/s, time=7059.432
acc_x=0.884m/s, acc_y=-2.612m/s, acc_z=7.006m/s, gyrv_x=83.055°/s, gyrv_y=-21.560°/s, gyrv_z=-72.275°/s, time=7059.485
acc_x=-2.469m/s, acc_y=-5.152m/s, acc_z=8.966m/s, gyrv_x=83.317°/s, gyrv_y=-54.355°/s, gyrv_z=-128.887°/s, time=7059.542
acc_x=10.788m/s, acc_y=2.521m/s, acc_z=8.541m/s, gyrv_x=46.769°/s, gyrv_y=23.065°/s, gyrv_z=10.307°/s, time=7059.603
acc_x=-0.853m/s, acc_y=1.517m/s, acc_z=9.848m/s, gyrv_x=53.051°/s, gyrv_y=-15.855°/s, gyrv_z=20.755°/s, time=7059.661
acc_x=3.718m/s, acc_y=-0.644m/s, acc_z=11.145m/s, gyrv_x=68.215°/s, gyrv_y=-46.567°/s, gyrv_z=7.910°/s, time=7059.708
acc_x=-0.103m/s, acc_y=0.684m/s, acc_z=9.785m/s, gyrv_x=-42.814°/s, gyrv_y=-14.744°/s, gyrv_z=-109.244°/s, time=7059.764
acc_x=0.793m/s, acc_y=0.327m/s, acc_z=10.231m/s, gyrv_x=94.176°/s, gyrv_y=-58.564°/s, gyrv_z=-88.174°/s, time=7059.814
acc_x=3.736m/s, acc_y=-4.795m/s, acc_z=8.384m/s, gyrv_x=67.051°/s, gyrv_y=-36.374°/s, gyrv_z=-118.904°/s, time=7059.874
acc_x=-0.673m/s, acc_y=2.804m/s, acc_z=5.423m/s, gyrv_x=95.209°/s, gyrv_y=-41.921°/s, gyrv_z=-157.395°/s, time=7059.935
acc_x=12.238m/s, acc_y=-4.170m/s, acc_z=9.432m/s, gyrv_x=81.471°/s, gyrv_y=-65.625°/s, gyrv_z=-84.831°/s, time=7059.995
acc_x=-4.031m/s, acc_y=-7.242m/s, acc_z=10.156m/s, gyrv_x=71.732°/s, gyrv_y=32.865°/s, gyrv_z=26.617°/s, time=7060.056
acc_x=8.418m/s, acc_y=5.736m/s, acc_z=7.680m/s, gyrv_x=92.479°/s, gyrv_y=-15.794°/s, gyrv_z=8.566°/s, time=7060.113
acc_x=0.050m/s, acc_y=0.064m/s, acc_z=10.137m/s, gyrv_x=65.529°/s, gyrv_y=24.185°/s, gyrv_z=-160.370°/s, time=7060.170
acc_x=1.815m/s, acc_y=-2.127m/s, acc_z=11.021m/s, gyrv_x=60.996°/s, gyrv_y=-64.671°/s, gyrv_z=-99.312°/s, time=7060.229
acc_x=7.054m/s, acc_y=4.000m/s, acc_z=12.162m/s, gyrv_x=66.622°/s, gyrv_y=-35.324°/s, gyrv_z=-72.179°/s, time=7060.287
acc_x=4.464m/s, acc_y=11.279m/s, acc_z=19.600m/s, gyrv_x=76.632°/s, gyrv_y=-67.506°/s, gyrv_z=-142.415°/s, time=7060.348
acc_x=-3.507m/s, acc_y=-2.204m/s, acc_z=17.187m/s, gyrv_x=49.490°/s, gyrv_y=-50.636°/s, gyrv_z=-155.732°/s, time=7060.408
acc_x=-0.303m/s, acc_y=-0.117m/s, acc_z=10.617m/s, gyrv_x=34.737°/s, gyrv_y=-20.072°/s, gyrv_z=-94.964°/s, time=7060.467
acc_x=-0.243m/s, acc_y=0.004m/s, acc_z=18.629m/s, gyrv_x=90.772°/s, gyrv_y=29.461°/s, gyrv_z=-155.977°/s, time=7060.524
acc_x=0.233m/s, acc_y=-0.686m/s, acc_z=7.479m/s, gyrv_x=54.241°/s, gyrv_y=-38.771°/s, gyrv_z=-167.160°/s, time=7060.578
acc_x=-10.500m/s, acc_y=-6.115m/s, acc_z=4.942m/s, gyrv_x=103.434°/s, gyrv_y=-40.276°/s, gyrv_z=-121.721°/s, time=7060.635
acc_x=7.496m/s, acc_y=-6.410m/s, acc_z=11.365m/s, gyrv_x=92.829°/s, gyrv_y=-43.260°/s, gyrv_z=-107.152°/s, time=7060.693
acc_x=-5.544m/s, acc_y=0.650m/s, acc_z=15.693m/s, gyrv_x=79.555°/s, gyrv_y=-18.130°/s, gyrv_z=20.510°/s, time=7060.750
acc_x=0.903m/s, acc_y=-4.397m/s, acc_z=6.685m/s, gyrv_x=63.674°/s, gyrv_y=-34.405°/s, gyrv_z=-24.115°/s, time=7060.807
acc_x=1.107m/s, acc_y=1.265m/s, acc_z=16.501m/s, gyrv_x=67.786°/s, gyrv_y=-45.474°/s, gyrv_z=-85.715°/s, time=7060.860
acc_x=-7.770m/s, acc_y=0.954m/s, acc_z=6.201m/s, gyrv_x=75.845°/s, gyrv_y=-42.962°/s, gyrv_z=-157.263°/s, time=7060.918
acc_x=-2.629m/s, acc_y=-1.268m/s, acc_z=12.239m/s, gyrv_x=-42.621°/s, gyrv_y=-15.960°/s, gyrv_z=-51.187°/s, time=7060.979
acc_x=-2.358m/s, acc_y=-2.634m/s, acc_z=11.468m/s, gyrv_x=70.927°/s, gyrv_y=17.789°/s, gyrv_z=-91.280°/s, time=7061.036
acc_x=-3.467m/s, acc_y=-3.165m/s, acc_z=8.723m/s, gyrv_x=-33.635°/s, gyrv_y=-66.561°/s, gyrv_z=-139.308°/s, time=7061.088
acc_x=-0.462m/s, acc_y=7.887m/s, acc_z=10.309m/s, gyrv_x=81.252°/s, gyrv_y=26.451°/s, gyrv_z=4.602°/s, time=7061.144
acc_x=-0.315m/s, acc_y=1.823m/s, acc_z=13.947m/s, gyrv_x=122.981°/s, gyrv_y=-46.471°/s, gyrv_z=-131.880°/s, time=7061.200
acc_x=1.747m/s, acc_y=-9.071m/s, acc_z=12.420m/s, gyrv_x=42.341°/s, gyrv_y=-17.141°/s, gyrv_z=24.395°/s, time=7061.255
acc_x=2.006m/s, acc_y=6.940m/s, acc_z=12.409m/s, gyrv_x=-39.874°/s, gyrv_y=-17.185°/s, gyrv_z=6.589°/s, time=7061.306
acc_x=-0.126m/s, acc_y=1.579m/s, acc_z=6.811m/s, gyrv_x=-19.967°/s, gyrv_y=-19.399°/s, gyrv_z=-137.917°/s, time=7061.356
acc_x=-0.994m/s, acc_y=-1.255m/s, acc_z=14.783m/s, gyrv_x=78.365°/s, gyrv_y=-64.662°/s, gyrv_z=-98.682°/s, time=7061.408
acc_x=-1.092m/s, acc_y=-2.136m/s, acc_z=8.864m/s, gyrv_x=59.561°/s, gyrv_y=-48.860°/s, gyrv_z=-154.280°/s, time=7061.466
acc_x=-1.828m/s, acc_y=-2.223m/s, acc_z=10.146m/s, gyrv_x=49.052°/s, gyrv_y=-59.500°/s, gyrv_z=-150.745°/s, time=7061.518
acc_x=3.807m/s, acc_y=-1.006m/s, acc_z=8.413m/s, gyrv_x=40.626°/s, gyrv_y=-65.030°/s, gyrv_z=-86.966°/s, time=7061.577
acc_x=0.243m/s, acc_y=1.415m/s, acc_z=7.335m/s, gyrv_x=-21.184°/s, gyrv_y=-66.605°/s, gyrv_z=-92.094°/s, time=7061.638
acc_x=3.062m/s, acc_y=-1.018m/s, acc_z=8.834m/s, gyrv_x=42.744°/s, gyrv_y=-20.615°/s, gyrv_z=-56.875°/s, time=7061.692
acc_x=3.526m/s, acc_y=2.802m/s, acc_z=11.883m/s, gyrv_x=76.282°/s, gyrv_y=-51.502°/s, gyrv_z=-54.967°/s, time=7061.747
acc_x=4.161m/s, acc_y=-2.590m/s, acc_z=10.162m/s, gyrv_x=54.049°/s, gyrv_y=-56.280°/s, gyrv_z=-158.182°/s, time=7061.800
acc_x=-8.984m/s, acc_y=-2.969m/s, acc_z=9.951m/s, gyrv_x=56.621°/s, gyrv_y=-61.285°/s, gyrv_z=-157.640°/s, time=7061.856
acc_x=-4.669m/s, acc_y=-0.538m/s, acc_z=6.275m/s, gyrv_x=48.414°/s, gyrv_y=-70.507°/s, gyrv_z=-141.216°/s, time=7061.914
acc_x=6.462m/s, acc_y=-0.359m/s, acc_z=15.705m/s, gyrv_x=49.324°/s, gyrv_y=-15.986°/s, gyrv_z=38.876°/s, time=7061.973
acc_x=11.894m/s, acc_y=-3.176m/s, acc_z=11.696m/s, gyrv_x=71.916°/s, gyrv_y=-45.640°/s, gyrv_z=-52.474°/s, time=7062.024
acc_x=2.155m/s, acc_y=5.061m/s, acc_z=13.811m/s, gyrv_x=95.471°/s, gyrv_y=-57.706°/s, gyrv_z=-140.227°/s, time=7062.073
acc_x=5.883m/s, acc_y=2.173m/s, acc_z=4.699m/s, gyrv_x=50.487°/s, gyrv_y=-49.516°/s, gyrv_z=-70.184°/s, time=7062.129
acc_x=2.088m/s, acc_y=1.579m/s, acc_z=12.464m/s, gyrv_x=72.284°/s, gyrv_y=-45.097°/s, gyrv_z=-139.475°/s, time=7062.190
acc_x=3.403m/s, acc_y=-1.848m/s, acc_z=9.846m/s, gyrv_x=49.805°/s, gyrv_y=-7.814°/s, gyrv_z=-74.279°/s, time=7062.250
acc_x=1.309m/s, acc_y=-3.656m/s, acc_z=11.449m/s, gyrv_x=-30.082°/s, gyrv_y=29.662°/s, gyrv_z=-42.376°/s, time=7062.308
acc_x=6.218m/s, acc_y=-1.753m/s, acc_z=8.521m/s, gyrv_x=90.842°/s, gyrv_y=-64.522°/s, gyrv_z=-164.797°/s, time=7062.355
acc_x=3.270m/s, acc_y=-6.845m/s, acc_z=13.323m/s, gyrv_x=51.607°/s, gyrv_y=-60.664°/s, gyrv_z=-168.516°/s, time=7062.411
acc_x=-0.668m/s, acc_y=7.330m/s, acc_z=10.506m/s, gyrv_x=82.302°/s, gyrv_y=-67.979°/s, gyrv_z=-130.865°/s, time=7062.471
acc_x=13.097m/s, acc_y=0.516m/s, acc_z=6.654m/s, gyrv_x=100.222°/s, gyrv_y=-36.741°/s, gyrv_z=-169.181°/s, time=7062.531
acc_x=0.794m/s, acc_y=-9.890m/s, acc_z=7.430m/s, gyrv_x=67.917°/s, gyrv_y=-48.965°/s, gyrv_z=15.041°/s, time=7062.592
acc_x=3.223m/s, acc_y=2.718m/s, acc_z=12.243m/s, gyrv_x=53.235°/s, gyrv_y=-57.426°/s, gyrv_z=19.311°/s, time=7062.646
acc_x=3.404m/s, acc_y=-2.073m/s, acc_z=2.085m/s, gyrv_x=86.397°/s, gyrv_y=-62.011°/s, gyrv_z=-78.120°/s, time=7062.700
acc_x=-4.829m/s, acc_y=9.772m/s, acc_z=13.495m/s, gyrv_x=33.329°/s, gyrv_y=-68.302°/s, gyrv_z=-129.920°/s, time=7062.757
acc_x=-2.717m/s, acc_y=7.113m/s, acc_z=11.268m/s, gyrv_x=48.291°/s, gyrv_y=-15.741°/s, gyrv_z=-58.975°/s, time=7062.817
acc_x=3.305m/s, acc_y=-1.336m/s, acc_z=15.907m/s, gyrv_x=67.847°/s, gyrv_y=-54.679°/s, gyrv_z=-139.081°/s, time=7062.870
acc_x=-2.601m/s, acc_y=-0.124m/s, acc_z=6.818m/s, gyrv_x=109.707°/s, gyrv_y=-71.146°/s, gyrv_z=-96.425°/s, time=7062.923
acc_x=12.309m/s, acc_y=0.281m/s, acc_z=10.226m/s, gyrv_x=47.311°/s, gyrv_y=-50.234°/s, gyrv_z=-100.100°/s, time=7062.984
acc_x=-7.536m/s, acc_y=-0.552m/s, acc_z=8.075m/s, gyrv_x=38.412°/s, gyrv_y=-46.392°/s, gyrv_z=-56.402°/s, time=7063.045
acc_x=-5.279m/s, acc_y=-8.221m/s, acc_z=10.116m/s, gyrv_x=-35.157°/s, gyrv_y=-61.294°/s, gyrv_z=-20.519°/s, time=7063.096
acc_x=-0.128m/s, acc_y=-11.742m/s, acc_z=6.639m/s, gyrv_x=-24.106°/s, gyrv_y=-58.021°/s, gyrv_z=-165.366°/s, time=7063.150
acc_x=-4.367m/s, acc_y=3.782m/s, acc_z=12.756m/s, gyrv_x=80.377°/s, gyrv_y=-53.961°/s, gyrv_z=-73.307°/s, time=7063.206
acc_x=6.985m/s, acc_y=-10.606m/s, acc_z=4.911m/s, gyrv_x=98.490°/s, gyrv_y=-43.251°/s, gyrv_z=-111.886°/s, time=7063.265
acc_x=-2.964m/s, acc_y=-0.928m/s, acc_z=10.447m/s, gyrv_x=37.310°/s, gyrv_y=-63.919°/s, gyrv_z=-109.401°/s, time=7063.326
acc_x=17.481m/s, acc_y=3.733m/s, acc_z=12.279m/s, gyrv_x=33.670°/s, gyrv_y=-62.291°/s, gyrv_z=-154.332°/s, time=7063.386
acc_x=-8.525m/s, acc_y=-6.212m/s, acc_z=7.429m/s, gyrv_x=61.259°/s, gyrv_y=-47.469°/s, gyrv_z=-109.769°/s, time=7063.445
acc_x=-2.931m/s, acc_y=-7.810m/s, acc_z=10.543m/s, gyrv_x=-17.920°/s, gyrv_y=32.051°/s, gyrv_z=-14.192°/s, time=7063.506
acc_x=-8.643m/s, acc_y=5.157m/s, acc_z=6.886m/s, gyrv_x=-28.621°/s, gyrv_y=10.657°/s, gyrv_z=8.304°/s, time=7063.558
acc_x=5.762m/s, acc_y=-13.590m/s, acc_z=3.168m/s, gyrv_x=56.761°/s, gyrv_y=-29.129°/s, gyrv_z=-112.044°/s, time=7063.605
acc_x=-18.579m/s, acc_y=6.102m/s, acc_z=9.380m/s, gyrv_x=-0.079°/s, gyrv_y=-12.819°/s, gyrv_z=19.862°/s, time=7063.658
acc_x=9.729m/s, acc_y=3.112m/s, acc_z=11.748m/s, gyrv_x=75.364°/s, gyrv_y=36.610°/s, gyrv_z=-37.389°/s, time=7063.711
acc_x=5.652m/s, acc_y=-1.507m/s, acc_z=7.504m/s, gyrv_x=47.110°/s, gyrv_y=-27.151°/s, gyrv_z=-110.171°/s, time=7063.763
acc_x=-4.110m/s, acc_y=-1.232m/s, acc_z=17.969m/s, gyrv_x=76.851°/s, gyrv_y=-57.435°/s, gyrv_z=-164.211°/s, time=7063.821
acc_x=-3.124m/s, acc_y=4.064m/s, acc_z=10.124m/s, gyrv_x=86.791°/s, gyrv_y=-75.127°/s, gyrv_z=-149.660°/s, time=7063.878
acc_x=-0.640m/s, acc_y=3.170m/s, acc_z=10.929m/s, gyrv_x=-24.780°/s, gyrv_y=32.375°/s, gyrv_z=-0.604°/s, time=7063.935
acc_x=-13.835m/s, acc_y=0.830m/s, acc_z=11.368m/s, gyrv_x=66.439°/s, gyrv_y=-31.211°/s, gyrv_z=-152.276°/s, time=7063.984
acc_x=-12.541m/s, acc_y=0.218m/s, acc_z=14.361m/s, gyrv_x=85.312°/s, gyrv_y=21.166°/s, gyrv_z=5.320°/s, time=7064.041
acc_x=9.052m/s, acc_y=2.704m/s, acc_z=7.207m/s, gyrv_x=-6.606°/s, gyrv_y=-68.556°/s, gyrv_z=-104.580°/s, time=7064.096
acc_x=2.728m/s, acc_y=-2.448m/s, acc_z=13.323m/s, gyrv_x=99.216°/s, gyrv_y=-23.275°/s, gyrv_z=-62.256°/s, time=7064.149
acc_x=-1.224m/s, acc_y=-1.235m/s, acc_z=9.468m/s, gyrv_x=83.422°/s, gyrv_y=-55.982°/s, gyrv_z=-141.636°/s, time=7064.206
acc_x=3.936m/s, acc_y=1.674m/s, acc_z=8.691m/s, gyrv_x=-38.369°/s, gyrv_y=-64.164°/s, gyrv_z=11.147°/s, time=7064.259
acc_x=3.119m/s, acc_y=-1.994m/s, acc_z=13.094m/s, gyrv_x=64.689°/s, gyrv_y=-67.926°/s, gyrv_z=-99.724°/s, time=7064.313
acc_x=-4.615m/s, acc_y=2.135m/s, acc_z=14.957m/s, gyrv_x=50.829°/s, gyrv_y=-31.509°/s, gyrv_z=-75.582°/s, time=7064.372
acc_x=17.031m/s, acc_y=-0.426m/s, acc_z=7.440m/s, gyrv_x=-26.136°/s, gyrv_y=-40.950°/s, gyrv_z=-67.445°/s, time=7064.432
acc_x=8.695m/s, acc_y=-2.717m/s, acc_z=6.627m/s, gyrv_x=43.662°/s, gyrv_y=-45.036°/s, gyrv_z=-110.092°/s, time=7064.489
acc_x=0.318m/s, acc_y=-0.862m/s, acc_z=12.299m/s, gyrv_x=44.170°/s, gyrv_y=-22.269°/s, gyrv_z=-151.313°/s, time=7064.548
acc_x=-1.342m/s, acc_y=3.997m/s, acc_z=7.057m/s, gyrv_x=83.116°/s, gyrv_y=-41.309°/s, gyrv_z=-158.576°/s, time=7064.605
acc_x=2.232m/s, acc_y=-0.068m/s, acc_z=10.641m/s, gyrv_x=-0.682°/s, gyrv_y=13.519°/s, gyrv_z=-42.481°/s, time=7064.662
acc_x=9.155m/s, acc_y=-5.167m/s, acc_z=9.788m/s, gyrv_x=25.900°/s, gyrv_y=-42.367°/s, gyrv_z=-151.322°/s, time=7064.718
acc_x=0.683m/s, acc_y=1.501m/s, acc_z=6.033m/s, gyrv_x=59.806°/s, gyrv_y=29.820°/s, gyrv_z=-65.012°/s, time=7064.776
acc_x=-1.768m/s, acc_y=7.576m/s, acc_z=8.130m/s, gyrv_x=63.315°/s, gyrv_y=30.581°/s, gyrv_z=27.606°/s, time=7064.830
acc_x=4.813m/s, acc_y=-9.506m/s, acc_z=13.194m/s, gyrv_x=49.700°/s, gyrv_y=-44.747°/s, gyrv_z=-33.355°/s, time=7064.883
acc_x=-12.703m/s, acc_y=1.984m/s, acc_z=14.895m/s, gyrv_x=-42.350°/s, gyrv_y=33.232°/s, gyrv_z=3.272°/s, time=7064.940
acc_x=-0.763m/s, acc_y=-5.939m/s, acc_z=-0.711m/s, gyrv_x=68.005°/s, gyrv_y=-24.185°/s, gyrv_z=11.314°/s, time=7064.994
acc_x=7.190m/s, acc_y=3.710m/s, acc_z=-6.524m/s, gyrv_x=53.664°/s, gyrv_y=-20.029°/s, gyrv_z=32.567°/s, time=7065.045
acc_x=5.478m/s, acc_y=-4.876m/s, acc_z=12.821m/s, gyrv_x=-37.739°/s, gyrv_y=32.305°/s, gyrv_z=-26.915°/s, time=7065.095
acc_x=3.669m/s, acc_y=-5.920m/s, acc_z=10.958m/s, gyrv_x=-19.285°/s, gyrv_y=-16.441°/s, gyrv_z=24.342°/s, time=7065.145
acc_x=0.342m/s, acc_y=0.003m/s, acc_z=9.571m/s, gyrv_x=86.634°/s, gyrv_y=30.642°/s, gyrv_z=-98.446°/s, time=7065.200
acc_x=-0.205m/s, acc_y=-5.311m/s, acc_z=11.443m/s, gyrv_x=95.112°/s, gyrv_y=-52.237°/s, gyrv_z=-162.155°/s, time=7065.259
acc_x=-2.672m/s, acc_y=2.362m/s, acc_z=12.779m/s, gyrv_x=75.749°/s, gyrv_y=-36.374°/s, gyrv_z=-169.452°/s, time=7065.320
acc_x=-0.248m/s, acc_y=1.765m/s, acc_z=9.058m/s, gyrv_x=63.717°/s, gyrv_y=32.970°/s, gyrv_z=9.747°/s, time=7065.384
acc_x=0.077m/s, acc_y=-2.173m/s, acc_z=9.156m/s, gyrv_x=103.381°/s, gyrv_y=-62.414°/s, gyrv_z=-83.799°/s, time=7065.440
acc_x=7.236m/s, acc_y=-2.463m/s, acc_z=4.592m/s, gyrv_x=94.447°/s, gyrv_y=-59.439°/s, gyrv_z=-170.021°/s, time=7065.500
acc_x=8.538m/s, acc_y=4.442m/s, acc_z=10.612m/s, gyrv_x=-45.176°/s, gyrv_y=-45.552°/s, gyrv_z=-139.833°/s, time=7065.561
acc_x=-6.189m/s, acc_y=3.657m/s, acc_z=12.434m/s, gyrv_x=76.510°/s, gyrv_y=-39.524°/s, gyrv_z=-100.765°/s, time=7065.618
acc_x=0.924m/s, acc_y=3.529m/s, acc_z=11.136m/s, gyrv_x=-31.080°/s, gyrv_y=26.311°/s, gyrv_z=-151.305°/s, time=7065.679
acc_x=1.598m/s, acc_y=-9.735m/s, acc_z=9.502m/s, gyrv_x=64.776°/s, gyrv_y=-22.942°/s, gyrv_z=-132.545°/s, time=7065.738
acc_x=4.488m/s, acc_y=-0.943m/s, acc_z=9.092m/s, gyrv_x=73.316°/s, gyrv_y=-41.431°/s, gyrv_z=-108.631°/s, time=7065.792
acc_x=-5.724m/s, acc_y=3.429m/s, acc_z=12.889m/s, gyrv_x=94.001°/s, gyrv_y=-62.886°/s, gyrv_z=-123.418°/s, time=7065.856
acc_x=11.993m/s, acc_y=7.099m/s, acc_z=10.939m/s, gyrv_x=97.186°/s, gyrv_y=-69.125°/s, gyrv_z=-142.852°/s, time=7065.916
acc_x=2.617m/s, acc_y=-7.022m/s, acc_z=4.828m/s, gyrv_x=60.392°/s, gyrv_y=-49.945°/s, gyrv_z=-141.697°/s, time=7065.976
acc_x=-2.112m/s, acc_y=-9.855m/s, acc_z=1.953m/s, gyrv_x=82.390°/s, gyrv_y=-47.232°/s, gyrv_z=-88.305°/s, time=7066.035
acc_x=-1.184m/s, acc_y=-2.317m/s, acc_z=5.257m/s, gyrv_x=99.024°/s, gyrv_y=-15.584°/s, gyrv_z=-94.465°/s, time=7066.096
acc_x=-4.650m/s, acc_y=2.272m/s, acc_z=12.267m/s, gyrv_x=-20.729°/s, gyrv_y=-17.762°/s, gyrv_z=27.125°/s, time=7066.153
acc_x=0.993m/s, acc_y=5.976m/s, acc_z=8.141m/s, gyrv_x=79.879°/s, gyrv_y=34.632°/s, gyrv_z=-95.357°/s, time=7066.208
acc_x=1.414m/s, acc_y=-2.167m/s, acc_z=19.600m/s, gyrv_x=94.465°/s, gyrv_y=-29.496°/s, gyrv_z=-161.000°/s, time=7066.264
acc_x=8.434m/s, acc_y=1.618m/s, acc_z=9.543m/s, gyrv_x=-36.514°/s, gyrv_y=-14.586°/s, gyrv_z=-71.662°/s, time=7066.320
acc_x=3.973m/s, acc_y=1.647m/s, acc_z=7.975m/s, gyrv_x=-8.724°/s, gyrv_y=-51.677°/s, gyrv_z=-127.522°/s, time=7066.369
acc_x=1.027m/s, acc_y=-7.831m/s, acc_z=6.202m/s, gyrv_x=93.660°/s, gyrv_y=-51.555°/s, gyrv_z=-150.132°/s, time=7066.425
acc_x=-5.958m/s, acc_y=-6.386m/s, acc_z=10.380m/s, gyrv_x=-24.701°/s, gyrv_y=-63.070°/s, gyrv_z=21.997°/s, time=7066.485
acc_x=0.773m/s, acc_y=-0.695m/s, acc_z=10.241m/s, gyrv_x=75.302°/s, gyrv_y=32.226°/s, gyrv_z=-53.681°/s, time=7066.539
acc_x=-19.500m/s, acc_y=-1.295m/s, acc_z=11.308m/s, gyrv_x=42.709°/s, gyrv_y=34.431°/s, gyrv_z=-141.505°/s, time=7066.594
acc_x=4.021m/s, acc_y=2.521m/s, acc_z=11.192m/s, gyrv_x=91.271°/s, gyrv_y=-42.910°/s, gyrv_z=-87.666°/s, time=7066.653
acc_x=4.375m/s, acc_y=-7.948m/s, acc_z=8.227m/s, gyrv_x=59.456°/s, gyrv_y=-29.076°/s, gyrv_z=3.684°/s, time=7066.710
acc_x=0.005m/s, acc_y=1.602m/s, acc_z=7.898m/s, gyrv_x=75.259°/s, gyrv_y=-67.777°/s, gyrv_z=-147.096°/s, time=7066.767
acc_x=8.496m/s, acc_y=-5.689m/s, acc_z=5.438m/s, gyrv_x=64.951°/s, gyrv_y=-49.962°/s, gyrv_z=-105.437°/s, time=7066.823
acc_x=5.206m/s, acc_y=-0.823m/s, acc_z=6.672m/s, gyrv_x=57.654°/s, gyrv_y=-54.775°/s, gyrv_z=-50.216°/s, time=7066.882
acc_x=-13.138m/s, acc_y=-7.595m/s, acc_z=9.498m/s, gyrv_x=-25.121°/s, gyrv_y=-17.894°/s, gyrv_z=24.867°/s, time=7066.938
acc_x=-1.086m/s, acc_y=5.484m/s, acc_z=9.361m/s, gyrv_x=-18.077°/s, gyrv_y=-13.011°/s, gyrv_z=12.259°/s, time=7066.987
acc_x=0.946m/s, acc_y=-4.366m/s, acc_z=18.867m/s, gyrv_x=49.849°/s, gyrv_y=39.217°/s, gyrv_z=-58.616°/s, time=7067.036
acc_x=8.391m/s, acc_y=-10.551m/s, acc_z=19.600m/s, gyrv_x=50.129°/s, gyrv_y=27.589°/s, gyrv_z=-52.281°/s, time=7067.083
acc_x=-4.638m/s, acc_y=-1.437m/s, acc_z=6.586m/s, gyrv_x=54.171°/s, gyrv_y=-36.059°/s, gyrv_z=-52.841°/s, time=7067.130
acc_x=1.457m/s, acc_y=-0.054m/s, acc_z=18.789m/s, gyrv_x=43.934°/s, gyrv_y=29.094°/s, gyrv_z=-35.560°/s, time=7067.182
acc_x=5.907m/s, acc_y=-2.455m/s, acc_z=10.104m/s, gyrv_x=39.209°/s, gyrv_y=-16.144°/s, gyrv_z=-17.824°/s, time=7067.229
acc_x=1.937m/s, acc_y=3.930m/s, acc_z=13.290m/s, gyrv_x=63.726°/s, gyrv_y=-16.126°/s, gyrv_z=10.185°/s, time=7067.276
acc_x=-10.664m/s, acc_y=-4.797m/s, acc_z=9.425m/s, gyrv_x=-30.354°/s, gyrv_y=29.584°/s, gyrv_z=19.372°/s, time=7067.323
acc_x=-3.194m/s, acc_y=1.257m/s, acc_z=6.378m/s, gyrv_x=73.404°/s, gyrv_y=-19.635°/s, gyrv_z=12.696°/s, time=7067.370
acc_x=3.070m/s, acc_y=-2.185m/s, acc_z=4.574m/s, gyrv_x=51.704°/s, gyrv_y=-16.196°/s, gyrv_z=19.784°/s, time=7067.417
acc_x=3.918m/s, acc_y=-0.570m/s, acc_z=1.343m/s, gyrv_x=-8.715°/s, gyrv_y=27.991°/s, gyrv_z=11.944°/s, time=7067.464
acc_x=-6.854m/s, acc_y=-2.974m/s, acc_z=19.600m/s, gyrv_x=-26.845°/s, gyrv_y=29.312°/s, gyrv_z=-21.560°/s, time=7067.512
acc_x=-0.033m/s, acc_y=-1.525m/s, acc_z=11.377m/s, gyrv_x=52.325°/s, gyrv_y=-52.447°/s, gyrv_z=-143.998°/s, time=7067.563
acc_x=6.230m/s, acc_y=-0.057m/s, acc_z=7.760m/s, gyrv_x=-34.956°/s, gyrv_y=-41.624°/s, gyrv_z=-117.311°/s, time=7067.616
acc_x=-4.916m/s, acc_y=1.669m/s, acc_z=6.378m/s, gyrv_x=47.302°/s, gyrv_y=29.907°/s, gyrv_z=30.091°/s, time=7067.675
acc_x=1.519m/s, acc_y=0.855m/s, acc_z=12.936m/s, gyrv_x=58.844°/s, gyrv_y=-35.735°/s, gyrv_z=-82.854°/s, time=7067.731
acc_x=-5.990m/s, acc_y=3.617m/s, acc_z=13.487m/s, gyrv_x=101.045°/s, gyrv_y=-61.381°/s, gyrv_z=-84.516°/s, time=7067.786
acc_x=5.188m/s, acc_y=-3.174m/s, acc_z=10.023m/s, gyrv_x=62.160°/s, gyrv_y=21.105°/s, gyrv_z=23.564°/s, time=7067.847
acc_x=2.465m/s, acc_y=-4.268m/s, acc_z=10.695m/s, gyrv_x=69.519°/s, gyrv_y=-61.285°/s, gyrv_z=-132.107°/s, time=7067.900
acc_x=-0.438m/s, acc_y=-7.023m/s, acc_z=3.354m/s, gyrv_x=81.252°/s, gyrv_y=-34.580°/s, gyrv_z=-64.059°/s, time=7067.957
acc_x=-1.402m/s, acc_y=-1.969m/s, acc_z=12.434m/s, gyrv_x=68.784°/s, gyrv_y=-58.231°/s, gyrv_z=-143.780°/s, time=7068.018
acc_x=-6.230m/s, acc_y=3.218m/s, acc_z=8.643m/s, gyrv_x=76.641°/s, gyrv_y=-49.691°/s, gyrv_z=-103.871°/s, time=7068.078
acc_x=4.822m/s, acc_y=-1.296m/s, acc_z=14.880m/s, gyrv_x=56.009°/s, gyrv_y=-16.660°/s, gyrv_z=-94.264°/s, time=7068.138
acc_x=-9.060m/s, acc_y=0.486m/s, acc_z=16.036m/s, gyrv_x=-38.237°/s, gyrv_y=-14.455°/s, gyrv_z=-17.622°/s, time=7068.197
acc_x=-13.154m/s, acc_y=5.628m/s, acc_z=10.305m/s, gyrv_x=39.987°/s, gyrv_y=-57.365°/s, gyrv_z=-85.776°/s, time=7068.253
acc_x=0.692m/s, acc_y=-1.041m/s, acc_z=7.982m/s, gyrv_x=41.554°/s, gyrv_y=-51.301°/s, gyrv_z=-139.991°/s, time=7068.309
acc_x=0.139m/s, acc_y=1.098m/s, acc_z=8.471m/s, gyrv_x=26.276°/s, gyrv_y=-57.776°/s, gyrv_z=-140.481°/s, time=7068.370
acc_x=-5.018m/s, acc_y=-7.098m/s, acc_z=10.141m/s, gyrv_x=66.780°/s, gyrv_y=-53.681°/s, gyrv_z=-153.011°/s, time=7068.430
acc_x=-1.463m/s, acc_y=-3.686m/s, acc_z=8.500m/s, gyrv_x=90.326°/s, gyrv_y=-81.217°/s, gyrv_z=-166.005°/s, time=7068.491
acc_x=0.488m/s, acc_y=-1.146m/s, acc_z=10.104m/s, gyrv_x=88.742°/s, gyrv_y=-56.892°/s, gyrv_z=-114.756°/s, time=7068.551
acc_x=-5.825m/s, acc_y=-9.141m/s, acc_z=16.920m/s, gyrv_x=81.095°/s, gyrv_y=24.946°/s, gyrv_z=-149.616°/s, time=7068.611
acc_x=-0.656m/s, acc_y=-4.016m/s, acc_z=10.482m/s, gyrv_x=61.836°/s, gyrv_y=26.110°/s, gyrv_z=-60.331°/s, time=7068.671
acc_x=2.145m/s, acc_y=-1.656m/s, acc_z=6.595m/s, gyrv_x=-27.667°/s, gyrv_y=34.309°/s, gyrv_z=11.996°/s, time=7068.719
acc_x=1.310m/s, acc_y=1.427m/s, acc_z=5.850m/s, gyrv_x=40.066°/s, gyrv_y=-24.867°/s, gyrv_z=-48.107°/s, time=7068.766
acc_x=-1.549m/s, acc_y=2.052m/s, acc_z=10.868m/s, gyrv_x=43.391°/s, gyrv_y=10.316°/s, gyrv_z=17.089°/s, time=7068.818
acc_x=0.458m/s, acc_y=-13.390m/s, acc_z=10.523m/s, gyrv_x=101.255°/s, gyrv_y=-9.047°/s, gyrv_z=33.504°/s, time=7068.865
acc_x=-1.458m/s, acc_y=-10.650m/s, acc_z=5.471m/s, gyrv_x=-34.650°/s, gyrv_y=-57.137°/s, gyrv_z=7.735°/s, time=7068.917
acc_x=5.633m/s, acc_y=-6.765m/s, acc_z=19.600m/s, gyrv_x=77.096°/s, gyrv_y=24.412°/s, gyrv_z=-122.964°/s, time=7068.969
acc_x=-0.564m/s, acc_y=-7.325m/s, acc_z=-2.307m/s, gyrv_x=77.516°/s, gyrv_y=-38.649°/s, gyrv_z=-53.314°/s, time=7069.027
acc_x=-3.275m/s, acc_y=-2.380m/s, acc_z=14.278m/s, gyrv_x=21.210°/s, gyrv_y=-47.049°/s, gyrv_z=-2.380°/s, time=7069.082
acc_x=-6.016m/s, acc_y=-4.904m/s, acc_z=10.455m/s, gyrv_x=-43.601°/s, gyrv_y=-60.156°/s, gyrv_z=-9.476°/s, time=7069.137
acc_x=2.040m/s, acc_y=0.933m/s, acc_z=18.082m/s, gyrv_x=44.870°/s, gyrv_y=-58.362°/s, gyrv_z=3.797°/s, time=7069.189
acc_x=2.173m/s, acc_y=12.765m/s, acc_z=1.912m/s, gyrv_x=55.422°/s, gyrv_y=-51.012°/s, gyrv_z=-97.300°/s, time=7069.246
acc_x=1.426m/s, acc_y=-0.374m/s, acc_z=0.435m/s, gyrv_x=51.100°/s, gyrv_y=11.112°/s, gyrv_z=15.750°/s, time=7069.302
acc_x=-13.394m/s, acc_y=2.855m/s, acc_z=6.655m/s, gyrv_x=71.741°/s, gyrv_y=-52.622°/s, gyrv_z=-42.315°/s, time=7069.349
acc_x=-12.016m/s, acc_y=1.809m/s, acc_z=16.856m/s, gyrv_x=25.506°/s, gyrv_y=27.064°/s, gyrv_z=-137.007°/s, time=7069.401
acc_x=1.180m/s, acc_y=-3.380m/s, acc_z=10.414m/s, gyrv_x=50.356°/s, gyrv_y=-38.465°/s, gyrv_z=-87.342°/s, time=7069.459
acc_x=-8.135m/s, acc_y=-6.352m/s, acc_z=9.016m/s, gyrv_x=63.945°/s, gyrv_y=23.695°/s, gyrv_z=23.949°/s, time=7069.517
acc_x=4.081m/s, acc_y=3.358m/s, acc_z=14.365m/s, gyrv_x=32.077°/s, gyrv_y=-27.414°/s, gyrv_z=-152.118°/s, time=7069.567
acc_x=2.541m/s, acc_y=-8.895m/s, acc_z=-6.515m/s, gyrv_x=44.800°/s, gyrv_y=-63.647°/s, gyrv_z=-157.141°/s, time=7069.628
acc_x=4.346m/s, acc_y=-0.558m/s, acc_z=8.520m/s, gyrv_x=90.720°/s, gyrv_y=-68.259°/s, gyrv_z=-170.546°/s, time=7069.688
acc_x=9.735m/s, acc_y=-12.063m/s, acc_z=8.502m/s, gyrv_x=60.795°/s, gyrv_y=-58.756°/s, gyrv_z=-127.207°/s, time=7069.748
acc_x=-0.294m/s, acc_y=1.999m/s, acc_z=11.415m/s, gyrv_x=86.397°/s, gyrv_y=-47.854°/s, gyrv_z=-81.655°/s, time=7069.809
acc_x=-3.098m/s, acc_y=-0.023m/s, acc_z=7.525m/s, gyrv_x=-10.727°/s, gyrv_y=25.235°/s, gyrv_z=13.869°/s, time=7069.869
acc_x=8.282m/s, acc_y=-3.035m/s, acc_z=8.871m/s, gyrv_x=81.874°/s, gyrv_y=-28.735°/s, gyrv_z=-117.635°/s, time=7069.918
acc_x=-3.806m/s, acc_y=10.108m/s, acc_z=10.454m/s, gyrv_x=41.554°/s, gyrv_y=22.260°/s, gyrv_z=-51.966°/s, time=7069.974
acc_x=-0.293m/s, acc_y=6.133m/s, acc_z=4.725m/s, gyrv_x=97.466°/s, gyrv_y=-12.792°/s, gyrv_z=-170.625°/s, time=7070.032
acc_x=1.659m/s, acc_y=0.756m/s, acc_z=7.813m/s, gyrv_x=76.597°/s, gyrv_y=-13.169°/s, gyrv_z=19.197°/s, time=7070.088
acc_x=-1.883m/s, acc_y=-4.351m/s, acc_z=13.865m/s, gyrv_x=-31.342°/s, gyrv_y=-15.960°/s, gyrv_z=20.860°/s, time=7070.142
acc_x=-5.639m/s, acc_y=-1.180m/s, acc_z=-2.733m/s, gyrv_x=36.094°/s, gyrv_y=-2.992°/s, gyrv_z=-150.097°/s, time=7070.193
acc_x=-0.399m/s, acc_y=-4.146m/s, acc_z=-6.464m/s, gyrv_x=39.952°/s, gyrv_y=32.734°/s, gyrv_z=18.165°/s, time=7070.244
acc_x=5.734m/s, acc_y=4.857m/s, acc_z=13.752m/s, gyrv_x=-6.624°/s, gyrv_y=24.526°/s, gyrv_z=12.075°/s, time=7070.294
acc_x=9.188m/s, acc_y=-7.875m/s, acc_z=19.600m/s, gyrv_x=35.691°/s, gyrv_y=-15.872°/s, gyrv_z=41.615°/s, time=7070.348
acc_x=1.389m/s, acc_y=-2.965m/s, acc_z=17.466m/s, gyrv_x=81.847°/s, gyrv_y=-11.305°/s, gyrv_z=48.414°/s, time=7070.404
acc_x=-3.510m/s, acc_y=0.929m/s, acc_z=10.554m/s, gyrv_x=84.735°/s, gyrv_y=38.605°/s, gyrv_z=-156.266°/s, time=7070.456
acc_x=4.608m/s, acc_y=16.905m/s, acc_z=7.829m/s, gyrv_x=34.020°/s, gyrv_y=-70.227°/s, gyrv_z=-115.150°/s, time=7070.513
acc_x=7.275m/s, acc_y=-3.756m/s, acc_z=13.539m/s, gyrv_x=69.755°/s, gyrv_y=-34.002°/s, gyrv_z=-156.931°/s, time=7070.573
acc_x=0.095m/s, acc_y=3.866m/s, acc_z=12.376m/s, gyrv_x=94.649°/s, gyrv_y=27.212°/s, gyrv_z=-114.502°/s, time=7070.634
acc_x=-0.610m/s, acc_y=-0.636m/s, acc_z=6.887m/s, gyrv_x=33.670°/s, gyrv_y=32.681°/s, gyrv_z=-45.920°/s, time=7070.692
acc_x=-3.230m/s, acc_y=0.282m/s, acc_z=7.345m/s, gyrv_x=77.009°/s, gyrv_y=32.637°/s, gyrv_z=-53.217°/s, time=7070.746
acc_x=-0.719m/s, acc_y=1.440m/s, acc_z=8.425m/s, gyrv_x=-24.185°/s, gyrv_y=17.194°/s, gyrv_z=-0.446°/s, time=7070.796
acc_x=-6.417m/s, acc_y=-1.015m/s, acc_z=9.031m/s, gyrv_x=83.177°/s, gyrv_y=-18.900°/s, gyrv_z=-50.934°/s, time=7070.843
acc_x=-0.603m/s, acc_y=-0.666m/s, acc_z=19.600m/s, gyrv_x=62.895°/s, gyrv_y=22.487°/s, gyrv_z=-112.035°/s, time=7070.893
acc_x=-5.170m/s, acc_y=3.449m/s, acc_z=7.715m/s, gyrv_x=-6.991°/s, gyrv_y=25.944°/s, gyrv_z=20.247°/s, time=7070.950
acc_x=0.483m/s, acc_y=-8.182m/s, acc_z=12.227m/s, gyrv_x=12.092°/s, gyrv_y=-62.160°/s, gyrv_z=-36.076°/s, time=7071.001
acc_x=-6.022m/s, acc_y=1.661m/s, acc_z=9.287m/s, gyrv_x=49.997°/s, gyrv_y=-35.044°/s, gyrv_z=-128.817°/s, time=7071.053
acc_x=8.852m/s, acc_y=6.492m/s, acc_z=9.317m/s, gyrv_x=19.390°/s, gyrv_y=14.105°/s, gyrv_z=-61.486°/s, time=7071.113
acc_x=-0.450m/s, acc_y=6.822m/s, acc_z=12.061m/s, gyrv_x=-27.527°/s, gyrv_y=-9.572°/s, gyrv_z=26.267°/s, time=7071.169
acc_x=6.260m/s, acc_y=3.098m/s, acc_z=9.779m/s, gyrv_x=-42.297°/s, gyrv_y=-37.835°/s, gyrv_z=-16.249°/s, time=7071.219
acc_x=-0.535m/s, acc_y=1.006m/s, acc_z=7.131m/s, gyrv_x=70.061°/s, gyrv_y=-57.505°/s, gyrv_z=-155.426°/s, time=7071.269
acc_x=7.498m/s, acc_y=0.986m/s, acc_z=11.260m/s, gyrv_x=46.865°/s, gyrv_y=23.949°/s, gyrv_z=22.697°/s, time=7071.329
acc_x=-2.241m/s, acc_y=2.183m/s, acc_z=11.600m/s, gyrv_x=66.692°/s, gyrv_y=-73.719°/s, gyrv_z=-52.220°/s, time=7071.383
acc_x=-4.752m/s, acc_y=4.500m/s, acc_z=5.026m/s, gyrv_x=50.925°/s, gyrv_y=-46.042°/s, gyrv_z=-50.479°/s, time=7071.435
acc_x=0.470m/s, acc_y=2.328m/s, acc_z=11.018m/s, gyrv_x=78.592°/s, gyrv_y=-24.736°/s, gyrv_z=-55.790°/s, time=7071.496
acc_x=9.796m/s, acc_y=-3.550m/s, acc_z=19.600m/s, gyrv_x=46.926°/s, gyrv_y=-64.216°/s, gyrv_z=-114.380°/s, time=7071.556
acc_x=-13.741m/s, acc_y=-2.201m/s, acc_z=11.536m/s, gyrv_x=100.791°/s, gyrv_y=-59.439°/s, gyrv_z=-167.055°/s, time=7071.617
acc_x=-0.797m/s, acc_y=-4.056m/s, acc_z=6.698m/s, gyrv_x=91.394°/s, gyrv_y=-45.754°/s, gyrv_z=-79.082°/s, time=7071.675
acc_x=-8.642m/s, acc_y=8.076m/s, acc_z=7.758m/s, gyrv_x=-30.441°/s, gyrv_y=-36.339°/s, gyrv_z=28.639°/s, time=7071.733
acc_x=7.147m/s, acc_y=-8.106m/s, acc_z=7.887m/s, gyrv_x=45.762°/s, gyrv_y=-54.329°/s, gyrv_z=-141.207°/s, time=7071.791
acc_x=0.300m/s, acc_y=1.566m/s, acc_z=8.238m/s, gyrv_x=40.854°/s, gyrv_y=31.832°/s, gyrv_z=-120.601°/s, time=7071.852
acc_x=2.791m/s, acc_y=-2.802m/s, acc_z=11.271m/s, gyrv_x=88.042°/s, gyrv_y=-60.340°/s, gyrv_z=-90.939°/s, time=7071.909
acc_x=-4.347m/s, acc_y=-5.168m/s, acc_z=11.020m/s, gyrv_x=-41.554°/s, gyrv_y=22.741°/s, gyrv_z=10.001°/s, time=7071.969
acc_x=4.095m/s, acc_y=6.595m/s, acc_z=12.179m/s, gyrv_x=113.251°/s, gyrv_y=-10.316°/s, gyrv_z=-21.534°/s, time=7072.021
acc_x=-5.837m/s, acc_y=-2.046m/s, acc_z=12.481m/s, gyrv_x=82.399°/s, gyrv_y=-42.131°/s, gyrv_z=-87.229°/s, time=7072.076
acc_x=4.502m/s, acc_y=-6.089m/s, acc_z=9.827m/s, gyrv_x=118.457°/s, gyrv_y=-54.416°/s, gyrv_z=-136.298°/s, time=7072.133
acc_x=-7.889m/s, acc_y=0.845m/s, acc_z=6.644m/s, gyrv_x=56.105°/s, gyrv_y=-54.197°/s, gyrv_z=-163.467°/s, time=7072.192
acc_x=-0.827m/s, acc_y=-0.319m/s, acc_z=10.724m/s, gyrv_x=104.615°/s, gyrv_y=-57.785°/s, gyrv_z=-173.810°/s, time=7072.252
acc_x=3.607m/s, acc_y=-1.617m/s, acc_z=10.874m/s, gyrv_x=-51.275°/s, gyrv_y=-10.097°/s, gyrv_z=-32.559°/s, time=7072.312
acc_x=-2.058m/s, acc_y=-7.524m/s, acc_z=12.274m/s, gyrv_x=73.570°/s, gyrv_y=-58.091°/s, gyrv_z=-85.627°/s, time=7072.360
acc_x=1.586m/s, acc_y=6.619m/s, acc_z=12.685m/s, gyrv_x=107.179°/s, gyrv_y=-62.440°/s, gyrv_z=-152.433°/s, time=7072.418
acc_x=10.756m/s, acc_y=2.320m/s, acc_z=11.034m/s, gyrv_x=61.329°/s, gyrv_y=-17.964°/s, gyrv_z=28.175°/s, time=7072.479
acc_x=-1.555m/s, acc_y=-3.928m/s, acc_z=13.893m/s, gyrv_x=45.596°/s, gyrv_y=-60.357°/s, gyrv_z=-83.037°/s, time=7072.534
acc_x=0.766m/s, acc_y=3.026m/s, acc_z=2.146m/s, gyrv_x=59.054°/s, gyrv_y=-41.930°/s, gyrv_z=-146.020°/s, time=7072.589
acc_x=-1.412m/s, acc_y=9.243m/s, acc_z=11.358m/s, gyrv_x=87.929°/s, gyrv_y=-50.619°/s, gyrv_z=-178.753°/s, time=7072.650
acc_x=5.740m/s, acc_y=7.753m/s, acc_z=8.886m/s, gyrv_x=62.361°/s, gyrv_y=-9.660°/s, gyrv_z=-138.267°/s, time=7072.710
acc_x=4.287m/s, acc_y=-2.048m/s, acc_z=12.328m/s, gyrv_x=49.595°/s, gyrv_y=28.656°/s, gyrv_z=23.301°/s, time=7072.768
acc_x=0.932m/s, acc_y=-2.495m/s, acc_z=13.930m/s, gyrv_x=9.870°/s, gyrv_y=-59.054°/s, gyrv_z=7.805°/s, time=7072.816
acc_x=6.370m/s, acc_y=5.591m/s, acc_z=7.056m/s, gyrv_x=79.380°/s, gyrv_y=33.871°/s, gyrv_z=11.252°/s, time=7072.871
acc_x=2.648m/s, acc_y=0.584m/s, acc_z=11.393m/s, gyrv_x=49.009°/s, gyrv_y=-45.815°/s, gyrv_z=-160.510°/s, time=7072.924
acc_x=-2.654m/s, acc_y=6.825m/s, acc_z=7.394m/s, gyrv_x=99.899°/s, gyrv_y=-32.427°/s, gyrv_z=-145.678°/s, time=7072.982
acc_x=-2.883m/s, acc_y=-0.595m/s, acc_z=10.630m/s, gyrv_x=44.730°/s, gyrv_y=-71.662°/s, gyrv_z=-123.270°/s, time=7073.042
acc_x=6.452m/s, acc_y=3.464m/s, acc_z=11.401m/s, gyrv_x=51.747°/s, gyrv_y=-10.097°/s, gyrv_z=-137.436°/s, time=7073.102
acc_x=10.473m/s, acc_y=8.687m/s, acc_z=11.292m/s, gyrv_x=-36.137°/s, gyrv_y=-57.251°/s, gyrv_z=-89.626°/s, time=7073.160
acc_x=-1.213m/s, acc_y=-3.185m/s, acc_z=8.222m/s, gyrv_x=80.736°/s, gyrv_y=-16.765°/s, gyrv_z=-56.289°/s, time=7073.214
acc_x=-2.596m/s, acc_y=-0.399m/s, acc_z=5.259m/s, gyrv_x=55.116°/s, gyrv_y=31.684°/s, gyrv_z=-49.376°/s, time=7073.265
acc_x=-0.883m/s, acc_y=1.187m/s, acc_z=10.724m/s, gyrv_x=102.471°/s, gyrv_y=-7.857°/s, gyrv_z=-143.298°/s, time=7073.318
acc_x=-9.734m/s, acc_y=6.675m/s, acc_z=8.978m/s, gyrv_x=60.086°/s, gyrv_y=-46.139°/s, gyrv_z=-153.965°/s, time=7073.371
acc_x=-10.676m/s, acc_y=-2.993m/s, acc_z=5.847m/s, gyrv_x=83.492°/s, gyrv_y=-39.034°/s, gyrv_z=-125.090°/s, time=7073.424
acc_x=-2.922m/s, acc_y=-1.843m/s, acc_z=6.639m/s, gyrv_x=97.510°/s, gyrv_y=-74.121°/s, gyrv_z=-95.182°/s, time=7073.484
acc_x=0.380m/s, acc_y=7.496m/s, acc_z=12.149m/s, gyrv_x=40.679°/s, gyrv_y=-56.009°/s, gyrv_z=-143.622°/s, time=7073.545
acc_x=-3.790m/s, acc_y=4.118m/s, acc_z=11.379m/s, gyrv_x=107.406°/s, gyrv_y=-39.016°/s, gyrv_z=-119.604°/s, time=7073.605
acc_x=-3.854m/s, acc_y=-1.449m/s, acc_z=8.421m/s, gyrv_x=50.627°/s, gyrv_y=-72.485°/s, gyrv_z=-90.991°/s, time=7073.665
acc_x=5.943m/s, acc_y=3.251m/s, acc_z=11.525m/s, gyrv_x=94.946°/s, gyrv_y=-42.726°/s, gyrv_z=-80.850°/s, time=7073.725
acc_x=4.503m/s, acc_y=2.168m/s, acc_z=12.647m/s, gyrv_x=57.155°/s, gyrv_y=-58.074°/s, gyrv_z=-11.279°/s, time=7073.786
acc_x=5.434m/s, acc_y=2.887m/s, acc_z=12.849m/s, gyrv_x=80.062°/s, gyrv_y=-57.234°/s, gyrv_z=-86.975°/s, time=7073.838
acc_x=-2.480m/s, acc_y=0.147m/s, acc_z=11.302m/s, gyrv_x=52.062°/s, gyrv_y=-52.535°/s, gyrv_z=-167.335°/s, time=7073.897
acc_x=-4.241m/s, acc_y=-1.037m/s, acc_z=10.883m/s, gyrv_x=2.082°/s, gyrv_y=-21.665°/s, gyrv_z=-122.885°/s, time=7073.957
acc_x=-2.017m/s, acc_y=-9.090m/s, acc_z=14.382m/s, gyrv_x=69.186°/s, gyrv_y=-19.180°/s, gyrv_z=24.237°/s, time=7074.010
acc_x=3.528m/s, acc_y=-2.562m/s, acc_z=10.308m/s, gyrv_x=94.745°/s, gyrv_y=-70.140°/s, gyrv_z=-96.320°/s, time=7074.060
acc_x=6.585m/s, acc_y=-4.479m/s, acc_z=9.272m/s, gyrv_x=65.345°/s, gyrv_y=-68.810°/s, gyrv_z=-87.360°/s, time=7074.118
acc_x=2.338m/s, acc_y=0.296m/s, acc_z=9.773m/s, gyrv_x=62.720°/s, gyrv_y=39.200°/s, gyrv_z=-144.217°/s, time=7074.178
acc_x=8.257m/s, acc_y=-0.438m/s, acc_z=8.356m/s, gyrv_x=59.054°/s, gyrv_y=-59.561°/s, gyrv_z=-165.208°/s, time=7074.237
acc_x=0.731m/s, acc_y=5.698m/s, acc_z=10.231m/s, gyrv_x=81.970°/s, gyrv_y=-45.824°/s, gyrv_z=-157.526°/s, time=7074.289
acc_x=-10.099m/s, acc_y=-3.456m/s, acc_z=9.022m/s, gyrv_x=107.432°/s, gyrv_y=-30.170°/s, gyrv_z=-98.551°/s, time=7074.349
acc_x=1.338m/s, acc_y=0.274m/s, acc_z=6.516m/s, gyrv_x=46.305°/s, gyrv_y=-56.595°/s, gyrv_z=-81.734°/s, time=7074.410
acc_x=-2.865m/s, acc_y=11.037m/s, acc_z=11.919m/s, gyrv_x=54.302°/s, gyrv_y=-58.109°/s, gyrv_z=-92.094°/s, time=7074.470
acc_x=11.395m/s, acc_y=-8.853m/s, acc_z=8.858m/s, gyrv_x=48.510°/s, gyrv_y=-60.672°/s, gyrv_z=-159.731°/s, time=7074.531
acc_x=-4.294m/s, acc_y=-4.016m/s, acc_z=10.869m/s, gyrv_x=-33.092°/s, gyrv_y=-18.497°/s, gyrv_z=33.504°/s, time=7074.591
acc_x=7.218m/s, acc_y=0.820m/s, acc_z=11.807m/s, gyrv_x=82.469°/s, gyrv_y=-88.839°/s, gyrv_z=-80.036°/s, time=7074.641
acc_x=-1.186m/s, acc_y=4.069m/s, acc_z=14.874m/s, gyrv_x=74.576°/s, gyrv_y=-61.302°/s, gyrv_z=-145.355°/s, time=7074.701
acc_x=-7.283m/s, acc_y=-0.811m/s, acc_z=8.490m/s, gyrv_x=56.910°/s, gyrv_y=31.404°/s, gyrv_z=2.397°/s, time=7074.762
acc_x=0.919m/s, acc_y=1.892m/s, acc_z=10.353m/s, gyrv_x=-33.819°/s, gyrv_y=-25.112°/s, gyrv_z=-10.701°/s, time=7074.815
acc_x=-2.578m/s, acc_y=-0.104m/s, acc_z=5.542m/s, gyrv_x=-52.474°/s, gyrv_y=-15.776°/s, gyrv_z=-58.205°/s, time=7074.866
acc_x=3.946m/s, acc_y=-6.259m/s, acc_z=12.307m/s, gyrv_x=-41.921°/s, gyrv_y=-17.299°/s, gyrv_z=-48.195°/s, time=7074.914
acc_x=5.563m/s, acc_y=1.255m/s, acc_z=10.459m/s, gyrv_x=61.171°/s, gyrv_y=22.977°/s, gyrv_z=-25.777°/s, time=7074.963
acc_x=-7.018m/s, acc_y=-3.181m/s, acc_z=8.827m/s, gyrv_x=-36.487°/s, gyrv_y=-14.954°/s, gyrv_z=-58.844°/s, time=7075.013
acc_x=0.653m/s, acc_y=-1.095m/s, acc_z=8.333m/s, gyrv_x=72.564°/s, gyrv_y=19.670°/s, gyrv_z=-28.324°/s, time=7075.062
acc_x=1.213m/s, acc_y=6.780m/s, acc_z=7.600m/s, gyrv_x=52.447°/s, gyrv_y=26.014°/s, gyrv_z=-19.784°/s, time=7075.109
acc_x=-0.355m/s, acc_y=2.892m/s, acc_z=9.321m/s, gyrv_x=68.582°/s, gyrv_y=-27.466°/s, gyrv_z=-27.344°/s, time=7075.156
acc_x=-4.571m/s, acc_y=1.829m/s, acc_z=12.115m/s, gyrv_x=-34.982°/s, gyrv_y=-19.145°/s, gyrv_z=13.746°/s, time=7075.205
acc_x=-4.949m/s, acc_y=-0.421m/s, acc_z=9.161m/s, gyrv_x=36.522°/s, gyrv_y=-26.740°/s, gyrv_z=-182.796°/s, time=7075.253
acc_x=-7.927m/s, acc_y=-0.205m/s, acc_z=9.209m/s, gyrv_x=-19.092°/s, gyrv_y=27.711°/s, gyrv_z=-46.384°/s, time=7075.304
acc_x=11.870m/s, acc_y=2.349m/s, acc_z=10.430m/s, gyrv_x=22.444°/s, gyrv_y=25.830°/s, gyrv_z=-48.772°/s, time=7075.352
acc_x=-4.034m/s, acc_y=-1.524m/s, acc_z=9.344m/s, gyrv_x=78.864°/s, gyrv_y=20.239°/s, gyrv_z=-40.827°/s, time=7075.399
acc_x=13.166m/s, acc_y=2.403m/s, acc_z=10.199m/s, gyrv_x=59.841°/s, gyrv_y=-17.885°/s, gyrv_z=-45.491°/s, time=7075.446
acc_x=-2.292m/s, acc_y=-7.527m/s, acc_z=9.703m/s, gyrv_x=19.854°/s, gyrv_y=-18.506°/s, gyrv_z=3.386°/s, time=7075.493
acc_x=10.065m/s, acc_y=-2.032m/s, acc_z=9.827m/s, gyrv_x=-59.999°/s, gyrv_y=-21.114°/s, gyrv_z=-5.416°/s, time=7075.540
acc_x=-1.659m/s, acc_y=5.529m/s, acc_z=11.303m/s, gyrv_x=61.189°/s, gyrv_y=-25.209°/s, gyrv_z=18.585°/s, time=7075.587
acc_x=-4.554m/s, acc_y=0.498m/s, acc_z=2.330m/s, gyrv_x=61.337°/s, gyrv_y=-52.955°/s, gyrv_z=-76.352°/s, time=7075.638
acc_x=9.495m/s, acc_y=-4.277m/s, acc_z=6.013m/s, gyrv_x=42.096°/s, gyrv_y=-37.546°/s, gyrv_z=-148.400°/s, time=7075.698
acc_x=-1.785m/s, acc_y=-6.591m/s, acc_z=6.632m/s, gyrv_x=77.604°/s, gyrv_y=-71.094°/s, gyrv_z=-7.394°/s, time=7075.759
acc_x=0.847m/s, acc_y=-3.090m/s, acc_z=9.653m/s, gyrv_x=80.675°/s, gyrv_y=-47.810°/s, gyrv_z=-58.161°/s, time=7075.819
acc_x=-1.489m/s, acc_y=6.287m/s, acc_z=5.542m/s, gyrv_x=42.805°/s, gyrv_y=21.709°/s, gyrv_z=-11.935°/s, time=7075.875
acc_x=13.159m/s, acc_y=-3.857m/s, acc_z=8.462m/s, gyrv_x=105.009°/s, gyrv_y=-13.764°/s, gyrv_z=-145.626°/s, time=7075.932
acc_x=-6.986m/s, acc_y=1.761m/s, acc_z=8.410m/s, gyrv_x=88.060°/s, gyrv_y=34.615°/s, gyrv_z=-61.040°/s, time=7075.990
acc_x=3.715m/s, acc_y=-9.153m/s, acc_z=5.977m/s, gyrv_x=53.532°/s, gyrv_y=-58.730°/s, gyrv_z=-25.174°/s, time=7076.047
acc_x=-2.972m/s, acc_y=1.559m/s, acc_z=6.833m/s, gyrv_x=84.035°/s, gyrv_y=-67.401°/s, gyrv_z=-186.121°/s, time=7076.100
acc_x=17.877m/s, acc_y=-13.697m/s, acc_z=8.629m/s, gyrv_x=49.534°/s, gyrv_y=-60.462°/s, gyrv_z=-163.887°/s, time=7076.161
acc_x=1.647m/s, acc_y=-8.359m/s, acc_z=11.727m/s, gyrv_x=42.770°/s, gyrv_y=33.784°/s, gyrv_z=-135.493°/s, time=7076.221
acc_x=3.849m/s, acc_y=-6.038m/s, acc_z=13.751m/s, gyrv_x=-16.835°/s, gyrv_y=-59.124°/s, gyrv_z=-113.461°/s, time=7076.274
acc_x=-1.076m/s, acc_y=5.247m/s, acc_z=7.476m/s, gyrv_x=102.182°/s, gyrv_y=-46.182°/s, gyrv_z=-85.076°/s, time=7076.332
acc_x=-6.288m/s, acc_y=-3.334m/s, acc_z=9.456m/s, gyrv_x=95.025°/s, gyrv_y=-53.112°/s, gyrv_z=-138.040°/s, time=7076.392
acc_x=-6.463m/s, acc_y=8.401m/s, acc_z=11.266m/s, gyrv_x=67.707°/s, gyrv_y=17.080°/s, gyrv_z=-0.350°/s, time=7076.452
acc_x=7.760m/s, acc_y=3.455m/s, acc_z=8.691m/s, gyrv_x=49.087°/s, gyrv_y=30.607°/s, gyrv_z=-22.890°/s, time=7076.507
acc_x=1.077m/s, acc_y=0.428m/s, acc_z=9.961m/s, gyrv_x=72.187°/s, gyrv_y=26.075°/s, gyrv_z=21.525°/s, time=7076.559
acc_x=0.980m/s, acc_y=-3.209m/s, acc_z=8.698m/s, gyrv_x=-51.397°/s, gyrv_y=14.271°/s, gyrv_z=-64.172°/s, time=7076.611
acc_x=3.204m/s, acc_y=4.525m/s, acc_z=7.673m/s, gyrv_x=71.759°/s, gyrv_y=-58.572°/s, gyrv_z=-91.236°/s, time=7076.665
acc_x=-8.453m/s, acc_y=0.639m/s, acc_z=13.013m/s, gyrv_x=-28.682°/s, gyrv_y=-28.901°/s, gyrv_z=0.227°/s, time=7076.722
acc_x=-0.957m/s, acc_y=-4.768m/s, acc_z=11.103m/s, gyrv_x=77.429°/s, gyrv_y=-63.394°/s, gyrv_z=-0.385°/s, time=7076.775
acc_x=9.450m/s, acc_y=1.823m/s, acc_z=14.500m/s, gyrv_x=-26.740°/s, gyrv_y=-24.360°/s, gyrv_z=-156.677°/s, time=7076.835
acc_x=-4.604m/s, acc_y=-0.530m/s, acc_z=8.806m/s, gyrv_x=31.141°/s, gyrv_y=-7.289°/s, gyrv_z=-49.761°/s, time=7076.893
acc_x=-2.810m/s, acc_y=-2.289m/s, acc_z=9.798m/s, gyrv_x=-42.044°/s, gyrv_y=-61.985°/s, gyrv_z=-50.382°/s, time=7076.944
acc_x=3.980m/s, acc_y=-2.311m/s, acc_z=10.799m/s, gyrv_x=17.657°/s, gyrv_y=38.876°/s, gyrv_z=-5.434°/s, time=7076.997
acc_x=-0.561m/s, acc_y=-2.661m/s, acc_z=9.506m/s, gyrv_x=81.384°/s, gyrv_y=29.925°/s, gyrv_z=-105.910°/s, time=7077.050
acc_x=-1.460m/s, acc_y=-0.121m/s, acc_z=10.820m/s, gyrv_x=65.371°/s, gyrv_y=-58.651°/s, gyrv_z=-112.096°/s, time=7077.106
acc_x=-5.442m/s, acc_y=-1.699m/s, acc_z=13.966m/s, gyrv_x=-31.937°/s, gyrv_y=-18.865°/s, gyrv_z=22.234°/s, time=7077.166
acc_x=-7.672m/s, acc_y=-1.157m/s, acc_z=13.289m/s, gyrv_x=65.590°/s, gyrv_y=-21.350°/s, gyrv_z=-105.525°/s, time=7077.222
acc_x=3.946m/s, acc_y=-1.089m/s, acc_z=7.801m/s, gyrv_x=54.486°/s, gyrv_y=-56.857°/s, gyrv_z=-69.781°/s, time=7077.282
acc_x=-6.803m/s, acc_y=-5.916m/s, acc_z=11.477m/s, gyrv_x=79.179°/s, gyrv_y=-37.905°/s, gyrv_z=-94.237°/s, time=7077.340
acc_x=-9.645m/s, acc_y=1.139m/s, acc_z=8.088m/s, gyrv_x=80.377°/s, gyrv_y=-13.685°/s, gyrv_z=-162.715°/s, time=7077.395
acc_x=-0.388m/s, acc_y=-2.667m/s, acc_z=17.291m/s, gyrv_x=41.860°/s, gyrv_y=-43.846°/s, gyrv_z=-94.614°/s, time=7077.452
acc_x=-1.972m/s, acc_y=14.444m/s, acc_z=11.701m/s, gyrv_x=75.836°/s, gyrv_y=-52.360°/s, gyrv_z=-137.217°/s, time=7077.518
acc_x=4.426m/s, acc_y=-6.166m/s, acc_z=8.892m/s, gyrv_x=80.981°/s, gyrv_y=-24.307°/s, gyrv_z=-156.695°/s, time=7077.579
acc_x=4.809m/s, acc_y=-2.321m/s, acc_z=10.750m/s, gyrv_x=-37.817°/s, gyrv_y=-49.892°/s, gyrv_z=-14.061°/s, time=7077.639
acc_x=1.206m/s, acc_y=3.495m/s, acc_z=2.395m/s, gyrv_x=-29.557°/s, gyrv_y=25.637°/s, gyrv_z=-59.246°/s, time=7077.696
acc_x=6.334m/s, acc_y=-7.964m/s, acc_z=14.046m/s, gyrv_x=68.390°/s, gyrv_y=-53.620°/s, gyrv_z=-107.161°/s, time=7077.750
acc_x=-0.612m/s, acc_y=4.322m/s, acc_z=8.143m/s, gyrv_x=55.151°/s, gyrv_y=-52.964°/s, gyrv_z=-140.463°/s, time=7077.810
acc_x=17.450m/s, acc_y=6.017m/s, acc_z=10.448m/s, gyrv_x=87.754°/s, gyrv_y=-61.915°/s, gyrv_z=-138.985°/s, time=7077.871
acc_x=1.966m/s, acc_y=-3.460m/s, acc_z=14.668m/s, gyrv_x=73.412°/s, gyrv_y=-40.906°/s, gyrv_z=-143.351°/s, time=7077.931
acc_x=-3.328m/s, acc_y=-2.323m/s, acc_z=11.460m/s, gyrv_x=98.359°/s, gyrv_y=-63.245°/s, gyrv_z=-84.096°/s, time=7077.991
acc_x=2.262m/s, acc_y=-3.890m/s, acc_z=8.586m/s, gyrv_x=47.941°/s, gyrv_y=-64.059°/s, gyrv_z=-99.050°/s, time=7078.052
acc_x=1.522m/s, acc_y=-8.343m/s, acc_z=10.807m/s, gyrv_x=40.110°/s, gyrv_y=-32.996°/s, gyrv_z=-144.873°/s, time=7078.112
acc_x=0.526m/s, acc_y=4.936m/s, acc_z=12.876m/s, gyrv_x=45.342°/s, gyrv_y=-42.805°/s, gyrv_z=-90.545°/s, time=7078.173
acc_x=-2.772m/s, acc_y=-10.896m/s, acc_z=12.053m/s, gyrv_x=93.651°/s, gyrv_y=21.796°/s, gyrv_z=-79.984°/s, time=7078.233
acc_x=2.943m/s, acc_y=-4.382m/s, acc_z=9.280m/s, gyrv_x=101.675°/s, gyrv_y=-30.572°/s, gyrv_z=-93.380°/s, time=7078.284
acc_x=-2.476m/s, acc_y=2.193m/s, acc_z=11.381m/s, gyrv_x=46.996°/s, gyrv_y=-61.784°/s, gyrv_z=-39.786°/s, time=7078.344
acc_x=2.642m/s, acc_y=-10.113m/s, acc_z=8.621m/s, gyrv_x=101.911°/s, gyrv_y=-64.671°/s, gyrv_z=-135.581°/s, time=7078.396
acc_x=1.626m/s, acc_y=0.619m/s, acc_z=7.320m/s, gyrv_x=58.695°/s, gyrv_y=-39.874°/s, gyrv_z=-65.642°/s, time=7078.453
acc_x=-2.800m/s, acc_y=-1.585m/s, acc_z=7.010m/s, gyrv_x=-33.005°/s, gyrv_y=38.019°/s, gyrv_z=1.190°/s, time=7078.511
acc_x=-1.341m/s, acc_y=-3.752m/s, acc_z=9.472m/s, gyrv_x=-37.310°/s, gyrv_y=-54.582°/s, gyrv_z=-103.311°/s, time=7078.564
acc_x=-11.768m/s, acc_y=-5.837m/s, acc_z=9.318m/s, gyrv_x=69.624°/s, gyrv_y=-56.866°/s, gyrv_z=-166.967°/s, time=7078.621
acc_x=-5.692m/s, acc_y=-3.192m/s, acc_z=7.210m/s, gyrv_x=60.515°/s, gyrv_y=12.434°/s, gyrv_z=24.150°/s, time=7078.676
acc_x=1.908m/s, acc_y=3.168m/s, acc_z=11.194m/s, gyrv_x=88.734°/s, gyrv_y=31.859°/s, gyrv_z=-100.275°/s, time=7078.731
acc_x=6.622m/s, acc_y=3.124m/s, acc_z=19.600m/s, gyrv_x=60.839°/s, gyrv_y=-30.669°/s, gyrv_z=-150.176°/s, time=7078.787
acc_x=-4.140m/s, acc_y=-2.107m/s, acc_z=12.041m/s, gyrv_x=48.116°/s, gyrv_y=-52.841°/s, gyrv_z=-141.846°/s, time=7078.847
acc_x=3.216m/s, acc_y=6.438m/s, acc_z=9.894m/s, gyrv_x=50.426°/s, gyrv_y=-37.887°/s, gyrv_z=-79.599°/s, time=7078.908
acc_x=0.100m/s, acc_y=6.248m/s, acc_z=8.253m/s, gyrv_x=48.659°/s, gyrv_y=-9.056°/s, gyrv_z=-56.822°/s, time=7078.969
acc_x=2.758m/s, acc_y=-9.725m/s, acc_z=8.838m/s, gyrv_x=52.955°/s, gyrv_y=-37.082°/s, gyrv_z=-119.166°/s, time=7079.025
acc_x=-6.925m/s, acc_y=-2.795m/s, acc_z=9.401m/s, gyrv_x=70.481°/s, gyrv_y=-68.206°/s, gyrv_z=-141.015°/s, time=7079.082
acc_x=-8.477m/s, acc_y=11.358m/s, acc_z=12.850m/s, gyrv_x=41.965°/s, gyrv_y=-31.754°/s, gyrv_z=-149.563°/s, time=7079.143
acc_x=2.785m/s, acc_y=-2.600m/s, acc_z=7.839m/s, gyrv_x=101.167°/s, gyrv_y=-51.607°/s, gyrv_z=-152.328°/s, time=7079.203
acc_x=-3.324m/s, acc_y=6.285m/s, acc_z=7.280m/s, gyrv_x=46.620°/s, gyrv_y=-31.194°/s, gyrv_z=-86.642°/s, time=7079.264
acc_x=2.888m/s, acc_y=-6.081m/s, acc_z=6.782m/s, gyrv_x=40.416°/s, gyrv_y=-16.389°/s, gyrv_z=-137.025°/s, time=7079.319
acc_x=0.605m/s, acc_y=-1.605m/s, acc_z=6.267m/s, gyrv_x=65.196°/s, gyrv_y=-55.965°/s, gyrv_z=-99.942°/s, time=7079.378
acc_x=8.597m/s, acc_y=-2.867m/s, acc_z=10.474m/s, gyrv_x=67.077°/s, gyrv_y=-4.804°/s, gyrv_z=-12.696°/s, time=7079.437
acc_x=2.449m/s, acc_y=-1.930m/s, acc_z=9.288m/s, gyrv_x=106.864°/s, gyrv_y=-56.026°/s, gyrv_z=-89.092°/s, time=7079.495
acc_x=4.074m/s, acc_y=-7.758m/s, acc_z=5.330m/s, gyrv_x=82.994°/s, gyrv_y=42.499°/s, gyrv_z=-107.546°/s, time=7079.553
acc_x=-0.708m/s, acc_y=-3.444m/s, acc_z=14.511m/s, gyrv_x=-18.515°/s, gyrv_y=-56.884°/s, gyrv_z=-103.617°/s, time=7079.611
acc_x=0.395m/s, acc_y=0.117m/s, acc_z=6.407m/s, gyrv_x=-31.360°/s, gyrv_y=35.166°/s, gyrv_z=7.639°/s, time=7079.665
acc_x=-12.432m/s, acc_y=2.402m/s, acc_z=11.442m/s, gyrv_x=93.800°/s, gyrv_y=-54.714°/s, gyrv_z=-112.962°/s, time=7079.712
acc_x=-4.870m/s, acc_y=0.086m/s, acc_z=8.605m/s, gyrv_x=85.619°/s, gyrv_y=-49.367°/s, gyrv_z=-112.280°/s, time=7079.772
acc_x=-3.933m/s, acc_y=10.858m/s, acc_z=12.907m/s, gyrv_x=62.501°/s, gyrv_y=-19.871°/s, gyrv_z=-75.880°/s, time=7079.832
acc_x=1.756m/s, acc_y=6.985m/s, acc_z=11.036m/s, gyrv_x=74.095°/s, gyrv_y=-57.802°/s, gyrv_z=-158.243°/s, time=7079.891
acc_x=1.689m/s, acc_y=7.793m/s, acc_z=7.609m/s, gyrv_x=45.964°/s, gyrv_y=22.934°/s, gyrv_z=-55.816°/s, time=7079.949
acc_x=-4.573m/s, acc_y=0.897m/s, acc_z=8.378m/s, gyrv_x=91.910°/s, gyrv_y=-53.699°/s, gyrv_z=-117.311°/s, time=7079.999
acc_x=8.358m/s, acc_y=-2.962m/s, acc_z=10.071m/s, gyrv_x=53.051°/s, gyrv_y=36.942°/s, gyrv_z=-57.811°/s, time=7080.054
acc_x=-0.929m/s, acc_y=3.766m/s, acc_z=8.907m/s, gyrv_x=-31.981°/s, gyrv_y=-18.270°/s, gyrv_z=-8.067°/s, time=7080.110
acc_x=2.285m/s, acc_y=1.906m/s, acc_z=4.148m/s, gyrv_x=105.954°/s, gyrv_y=-47.897°/s, gyrv_z=-161.770°/s, time=7080.158
acc_x=6.088m/s, acc_y=-7.312m/s, acc_z=8.282m/s, gyrv_x=71.785°/s, gyrv_y=-65.336°/s, gyrv_z=-115.246°/s, time=7080.215
acc_x=0.231m/s, acc_y=8.061m/s, acc_z=16.155m/s, gyrv_x=31.561°/s, gyrv_y=-57.426°/s, gyrv_z=-144.488°/s, time=7080.275
acc_x=-0.636m/s, acc_y=1.527m/s, acc_z=13.662m/s, gyrv_x=56.394°/s, gyrv_y=-26.880°/s, gyrv_z=-95.646°/s, time=7080.335
acc_x=3.096m/s, acc_y=-1.779m/s, acc_z=8.962m/s, gyrv_x=94.194°/s, gyrv_y=-56.761°/s, gyrv_z=-113.907°/s, time=7080.395
acc_x=3.655m/s, acc_y=-5.159m/s, acc_z=4.133m/s, gyrv_x=83.930°/s, gyrv_y=-71.671°/s, gyrv_z=21.096°/s, time=7080.456
acc_x=0.607m/s, acc_y=-3.852m/s, acc_z=12.188m/s, gyrv_x=63.341°/s, gyrv_y=-57.811°/s, gyrv_z=-112.017°/s, time=7080.515
acc_x=-0.922m/s, acc_y=-7.058m/s, acc_z=19.600m/s, gyrv_x=-26.906°/s, gyrv_y=-64.452°/s, gyrv_z=-110.390°/s, time=7080.574
acc_x=1.130m/s, acc_y=2.316m/s, acc_z=5.635m/s, gyrv_x=80.167°/s, gyrv_y=-78.050°/s, gyrv_z=-102.909°/s, time=7080.630
acc_x=5.330m/s, acc_y=-6.708m/s, acc_z=12.541m/s, gyrv_x=80.036°/s, gyrv_y=-45.290°/s, gyrv_z=-15.207°/s, time=7080.690
acc_x=7.735m/s, acc_y=-8.509m/s, acc_z=8.495m/s, gyrv_x=85.452°/s, gyrv_y=-47.617°/s, gyrv_z=-97.037°/s, time=7080.748
acc_x=4.944m/s, acc_y=3.023m/s, acc_z=9.836m/s, gyrv_x=80.404°/s, gyrv_y=31.535°/s, gyrv_z=-45.141°/s, time=7080.808
acc_x=6.552m/s, acc_y=1.586m/s, acc_z=8.073m/s, gyrv_x=73.229°/s, gyrv_y=-61.521°/s, gyrv_z=13.090°/s, time=7080.865
acc_x=1.695m/s, acc_y=5.038m/s, acc_z=12.213m/s, gyrv_x=105.114°/s, gyrv_y=-54.399°/s, gyrv_z=-148.995°/s, time=7080.919
acc_x=-0.739m/s, acc_y=-4.069m/s, acc_z=8.406m/s, gyrv_x=39.471°/s, gyrv_y=-11.734°/s, gyrv_z=-57.120°/s, time=7080.978
acc_x=8.165m/s, acc_y=10.900m/s, acc_z=11.042m/s, gyrv_x=56.770°/s, gyrv_y=29.024°/s, gyrv_z=-15.592°/s, time=7081.029
acc_x=-1.504m/s, acc_y=4.810m/s, acc_z=11.691m/s, gyrv_x=88.996°/s, gyrv_y=-45.290°/s, gyrv_z=-174.580°/s, time=7081.079
acc_x=-5.742m/s, acc_y=1.953m/s, acc_z=14.258m/s, gyrv_x=107.319°/s, gyrv_y=-39.979°/s, gyrv_z=-97.702°/s, time=7081.139
acc_x=-3.589m/s, acc_y=-2.654m/s, acc_z=7.038m/s, gyrv_x=70.341°/s, gyrv_y=-64.811°/s, gyrv_z=-112.245°/s, time=7081.200
acc_x=12.721m/s, acc_y=2.147m/s, acc_z=9.744m/s, gyrv_x=41.352°/s, gyrv_y=-3.185°/s, gyrv_z=-59.911°/s, time=7081.260
acc_x=0.515m/s, acc_y=-5.865m/s, acc_z=-4.219m/s, gyrv_x=78.312°/s, gyrv_y=-14.884°/s, gyrv_z=-56.341°/s, time=7081.316
acc_x=-8.100m/s, acc_y=-10.806m/s, acc_z=14.777m/s, gyrv_x=62.151°/s, gyrv_y=-56.157°/s, gyrv_z=-133.288°/s, time=7081.367
acc_x=-1.326m/s, acc_y=-0.531m/s, acc_z=7.804m/s, gyrv_x=91.735°/s, gyrv_y=-67.349°/s, gyrv_z=-75.355°/s, time=7081.421
acc_x=-3.178m/s, acc_y=1.181m/s, acc_z=11.519m/s, gyrv_x=103.819°/s, gyrv_y=-51.047°/s, gyrv_z=-149.931°/s, time=7081.481
acc_x=4.494m/s, acc_y=-10.126m/s, acc_z=5.456m/s, gyrv_x=71.671°/s, gyrv_y=-51.266°/s, gyrv_z=-87.404°/s, time=7081.542
acc_x=-10.636m/s, acc_y=1.967m/s, acc_z=16.651m/s, gyrv_x=102.944°/s, gyrv_y=-37.266°/s, gyrv_z=-136.683°/s, time=7081.602
acc_x=-2.747m/s, acc_y=1.434m/s, acc_z=9.083m/s, gyrv_x=106.155°/s, gyrv_y=-65.214°/s, gyrv_z=-104.300°/s, time=7081.663
acc_x=14.819m/s, acc_y=11.467m/s, acc_z=11.308m/s, gyrv_x=14.962°/s, gyrv_y=23.695°/s, gyrv_z=20.632°/s, time=7081.724
acc_x=-1.284m/s, acc_y=2.608m/s, acc_z=8.408m/s, gyrv_x=-36.680°/s, gyrv_y=17.159°/s, gyrv_z=-49.542°/s, time=7081.775
acc_x=-2.815m/s, acc_y=-8.852m/s, acc_z=10.046m/s, gyrv_x=55.090°/s, gyrv_y=24.684°/s, gyrv_z=-112.175°/s, time=7081.825
acc_x=-1.872m/s, acc_y=-1.713m/s, acc_z=9.510m/s, gyrv_x=87.509°/s, gyrv_y=-77.612°/s, gyrv_z=-84.831°/s, time=7081.882
acc_x=-0.699m/s, acc_y=-7.034m/s, acc_z=9.424m/s, gyrv_x=94.500°/s, gyrv_y=14.647°/s, gyrv_z=-45.570°/s, time=7081.940
acc_x=-1.521m/s, acc_y=-1.507m/s, acc_z=11.066m/s, gyrv_x=85.689°/s, gyrv_y=-62.965°/s, gyrv_z=-100.354°/s, time=7081.992
acc_x=14.412m/s, acc_y=3.132m/s, acc_z=10.439m/s, gyrv_x=-1.234°/s, gyrv_y=-30.835°/s, gyrv_z=-113.584°/s, time=7082.052
acc_x=-4.804m/s, acc_y=0.674m/s, acc_z=12.304m/s, gyrv_x=-39.769°/s, gyrv_y=-48.799°/s, gyrv_z=-104.842°/s, time=7082.107
acc_x=-7.094m/s, acc_y=-2.271m/s, acc_z=9.764m/s, gyrv_x=88.244°/s, gyrv_y=-57.942°/s, gyrv_z=-168.542°/s, time=7082.159
acc_x=-4.306m/s, acc_y=-1.710m/s, acc_z=9.787m/s, gyrv_x=50.942°/s, gyrv_y=31.369°/s, gyrv_z=2.686°/s, time=7082.218
acc_x=-8.320m/s, acc_y=-4.247m/s, acc_z=13.412m/s, gyrv_x=50.645°/s, gyrv_y=-51.765°/s, gyrv_z=5.460°/s, time=7082.270
acc_x=-15.444m/s, acc_y=-3.675m/s, acc_z=10.247m/s, gyrv_x=43.312°/s, gyrv_y=-63.052°/s, gyrv_z=13.072°/s, time=7082.328
acc_x=-1.969m/s, acc_y=-1.788m/s, acc_z=11.648m/s, gyrv_x=61.687°/s, gyrv_y=22.050°/s, gyrv_z=-84.359°/s, time=7082.381
acc_x=3.589m/s, acc_y=1.100m/s, acc_z=12.151m/s, gyrv_x=-0.630°/s, gyrv_y=-16.660°/s, gyrv_z=-46.042°/s, time=7082.439
acc_x=2.180m/s, acc_y=1.921m/s, acc_z=15.638m/s, gyrv_x=84.184°/s, gyrv_y=-56.429°/s, gyrv_z=-94.124°/s, time=7082.491
acc_x=3.550m/s, acc_y=2.745m/s, acc_z=9.299m/s, gyrv_x=57.671°/s, gyrv_y=26.171°/s, gyrv_z=-60.436°/s, time=7082.549
acc_x=2.349m/s, acc_y=3.611m/s, acc_z=8.798m/s, gyrv_x=78.706°/s, gyrv_y=22.242°/s, gyrv_z=-7.131°/s, time=7082.601
acc_x=3.456m/s, acc_y=-5.170m/s, acc_z=11.414m/s, gyrv_x=-32.620°/s, gyrv_y=22.741°/s, gyrv_z=-55.965°/s, time=7082.656
acc_x=0.425m/s, acc_y=-1.589m/s, acc_z=14.132m/s, gyrv_x=63.026°/s, gyrv_y=-44.266°/s, gyrv_z=-43.610°/s, time=7082.710
acc_x=8.515m/s, acc_y=0.965m/s, acc_z=8.136m/s, gyrv_x=-46.944°/s, gyrv_y=38.474°/s, gyrv_z=-14.166°/s, time=7082.764
acc_x=2.096m/s, acc_y=2.006m/s, acc_z=7.552m/s, gyrv_x=64.330°/s, gyrv_y=25.349°/s, gyrv_z=17.955°/s, time=7082.816
acc_x=0.554m/s, acc_y=0.605m/s, acc_z=0.378m/s, gyrv_x=91.866°/s, gyrv_y=5.810°/s, gyrv_z=-122.465°/s, time=7082.869
acc_x=-8.131m/s, acc_y=-3.578m/s, acc_z=6.033m/s, gyrv_x=-36.540°/s, gyrv_y=-14.332°/s, gyrv_z=-143.333°/s, time=7082.930
acc_x=-2.195m/s, acc_y=-0.233m/s, acc_z=14.332m/s, gyrv_x=77.044°/s, gyrv_y=7.752°/s, gyrv_z=15.575°/s, time=7082.989
acc_x=6.261m/s, acc_y=-5.454m/s, acc_z=12.009m/s, gyrv_x=-41.685°/s, gyrv_y=-50.304°/s, gyrv_z=-179.121°/s, time=7083.049
acc_x=6.248m/s, acc_y=-6.700m/s, acc_z=15.321m/s, gyrv_x=-32.209°/s, gyrv_y=-44.914°/s, gyrv_z=-45.176°/s, time=7083.105
acc_x=2.824m/s, acc_y=-4.437m/s, acc_z=5.303m/s, gyrv_x=88.996°/s, gyrv_y=-57.409°/s, gyrv_z=-141.846°/s, time=7083.161
acc_x=4.408m/s, acc_y=-8.757m/s, acc_z=7.658m/s, gyrv_x=89.092°/s, gyrv_y=-55.571°/s, gyrv_z=-170.765°/s, time=7083.221
acc_x=-0.961m/s, acc_y=9.138m/s, acc_z=13.367m/s, gyrv_x=51.345°/s, gyrv_y=-22.085°/s, gyrv_z=-167.011°/s, time=7083.281
acc_x=4.416m/s, acc_y=12.480m/s, acc_z=10.649m/s, gyrv_x=-30.704°/s, gyrv_y=-28.761°/s, gyrv_z=-38.264°/s, time=7083.341
acc_x=7.225m/s, acc_y=-3.796m/s, acc_z=11.906m/s, gyrv_x=69.484°/s, gyrv_y=-77.245°/s, gyrv_z=-169.006°/s, time=7083.396
acc_x=-2.750m/s, acc_y=0.913m/s, acc_z=15.128m/s, gyrv_x=79.520°/s, gyrv_y=12.416°/s, gyrv_z=-168.778°/s, time=7083.453
acc_x=2.067m/s, acc_y=-1.362m/s, acc_z=14.522m/s, gyrv_x=76.440°/s, gyrv_y=-50.522°/s, gyrv_z=-34.134°/s, time=7083.508
acc_x=9.487m/s, acc_y=-1.555m/s, acc_z=14.743m/s, gyrv_x=83.029°/s, gyrv_y=-37.065°/s, gyrv_z=-106.846°/s, time=7083.568
acc_x=-10.143m/s, acc_y=-5.724m/s, acc_z=10.406m/s, gyrv_x=106.890°/s, gyrv_y=-41.632°/s, gyrv_z=-172.558°/s, time=7083.628
acc_x=-3.524m/s, acc_y=-1.370m/s, acc_z=10.424m/s, gyrv_x=73.867°/s, gyrv_y=-42.831°/s, gyrv_z=-100.249°/s, time=7083.684
acc_x=2.343m/s, acc_y=7.467m/s, acc_z=13.683m/s, gyrv_x=93.546°/s, gyrv_y=-68.932°/s, gyrv_z=-96.565°/s, time=7083.744
acc_x=6.534m/s, acc_y=-3.203m/s, acc_z=12.642m/s, gyrv_x=92.916°/s, gyrv_y=-51.266°/s, gyrv_z=-83.580°/s, time=7083.805
acc_x=-1.468m/s, acc_y=-7.018m/s, acc_z=13.228m/s, gyrv_x=66.824°/s, gyrv_y=-54.591°/s, gyrv_z=-140.953°/s, time=7083.865
acc_x=1.433m/s, acc_y=-2.620m/s, acc_z=5.523m/s, gyrv_x=-37.905°/s, gyrv_y=36.050°/s, gyrv_z=28.429°/s, time=7083.926
acc_x=11.485m/s, acc_y=8.299m/s, acc_z=7.462m/s, gyrv_x=-26.329°/s, gyrv_y=-44.704°/s, gyrv_z=-13.965°/s, time=7083.974
acc_x=0.856m/s, acc_y=0.337m/s, acc_z=11.761m/s, gyrv_x=52.071°/s, gyrv_y=-23.817°/s, gyrv_z=16.327°/s, time=7084.024
acc_x=-1.939m/s, acc_y=4.956m/s, acc_z=9.351m/s, gyrv_x=49.647°/s, gyrv_y=26.031°/s, gyrv_z=-42.184°/s, time=7084.073
acc_x=-12.624m/s, acc_y=-0.681m/s, acc_z=9.343m/s, gyrv_x=100.739°/s, gyrv_y=-39.462°/s, gyrv_z=-107.126°/s, time=7084.121
acc_x=-2.341m/s, acc_y=-2.029m/s, acc_z=11.764m/s, gyrv_x=55.519°/s, gyrv_y=-63.569°/s, gyrv_z=-93.135°/s, time=7084.177
acc_x=2.584m/s, acc_y=0.294m/s, acc_z=14.821m/s, gyrv_x=-36.802°/s, gyrv_y=-13.895°/s, gyrv_z=-55.615°/s, time=7084.237
acc_x=-3.098m/s, acc_y=4.193m/s, acc_z=11.210m/s, gyrv_x=-40.101°/s, gyrv_y=26.145°/s, gyrv_z=-42.665°/s, time=7084.287
acc_x=0.713m/s, acc_y=-5.715m/s, acc_z=12.281m/s, gyrv_x=50.225°/s, gyrv_y=-20.230°/s, gyrv_z=-89.399°/s, time=7084.335
acc_x=3.792m/s, acc_y=3.318m/s, acc_z=5.560m/s, gyrv_x=87.710°/s, gyrv_y=-64.321°/s, gyrv_z=-102.471°/s, time=7084.388
acc_x=-2.679m/s, acc_y=4.943m/s, acc_z=8.227m/s, gyrv_x=51.931°/s, gyrv_y=25.252°/s, gyrv_z=-53.655°/s, time=7084.449
acc_x=-3.860m/s, acc_y=-7.766m/s, acc_z=8.385m/s, gyrv_x=45.824°/s, gyrv_y=31.211°/s, gyrv_z=17.377°/s, time=7084.498
acc_x=-17.892m/s, acc_y=6.036m/s, acc_z=11.739m/s, gyrv_x=103.075°/s, gyrv_y=-52.806°/s, gyrv_z=-111.387°/s, time=7084.549
acc_x=6.176m/s, acc_y=9.523m/s, acc_z=11.371m/s, gyrv_x=1.295°/s, gyrv_y=-48.965°/s, gyrv_z=8.479°/s, time=7084.610
acc_x=-4.448m/s, acc_y=2.699m/s, acc_z=11.072m/s, gyrv_x=88.287°/s, gyrv_y=-29.829°/s, gyrv_z=-86.266°/s, time=7084.660
acc_x=-7.321m/s, acc_y=-5.963m/s, acc_z=9.295m/s, gyrv_x=102.016°/s, gyrv_y=-55.204°/s, gyrv_z=-164.718°/s, time=7084.720
acc_x=-6.523m/s, acc_y=7.522m/s, acc_z=11.496m/s, gyrv_x=87.596°/s, gyrv_y=-32.672°/s, gyrv_z=-154.017°/s, time=7084.781
acc_x=3.079m/s, acc_y=-5.431m/s, acc_z=8.589m/s, gyrv_x=-10.229°/s, gyrv_y=-18.025°/s, gyrv_z=13.580°/s, time=7084.841
acc_x=-1.882m/s, acc_y=4.883m/s, acc_z=10.917m/s, gyrv_x=108.649°/s, gyrv_y=-51.852°/s, gyrv_z=-105.674°/s, time=7084.894
acc_x=-2.764m/s, acc_y=-8.167m/s, acc_z=10.068m/s, gyrv_x=-29.951°/s, gyrv_y=-12.897°/s, gyrv_z=9.966°/s, time=7084.952
acc_x=3.345m/s, acc_y=-1.614m/s, acc_z=11.649m/s, gyrv_x=50.654°/s, gyrv_y=36.671°/s, gyrv_z=8.846°/s, time=7085.009
acc_x=8.641m/s, acc_y=1.607m/s, acc_z=10.185m/s, gyrv_x=-24.832°/s, gyrv_y=-20.449°/s, gyrv_z=14.227°/s, time=7085.057
acc_x=1.673m/s, acc_y=1.082m/s, acc_z=9.271m/s, gyrv_x=-41.256°/s, gyrv_y=24.902°/s, gyrv_z=-45.229°/s, time=7085.104
acc_x=-4.796m/s, acc_y=-3.163m/s, acc_z=11.203m/s, gyrv_x=-57.890°/s, gyrv_y=15.584°/s, gyrv_z=-51.564°/s, time=7085.153
acc_x=5.757m/s, acc_y=-3.445m/s, acc_z=10.010m/s, gyrv_x=52.019°/s, gyrv_y=-24.666°/s, gyrv_z=-6.125°/s, time=7085.204
acc_x=0.907m/s, acc_y=-6.223m/s, acc_z=14.182m/s, gyrv_x=65.152°/s, gyrv_y=-43.706°/s, gyrv_z=-34.247°/s, time=7085.252
acc_x=-0.075m/s, acc_y=4.427m/s, acc_z=13.740m/s, gyrv_x=61.110°/s, gyrv_y=-53.104°/s, gyrv_z=-87.666°/s, time=7085.304
acc_x=-1.705m/s, acc_y=-2.901m/s, acc_z=6.419m/s, gyrv_x=97.212°/s, gyrv_y=-62.571°/s, gyrv_z=22.382°/s, time=7085.364
acc_x=9.002m/s, acc_y=2.774m/s, acc_z=10.973m/s, gyrv_x=-32.165°/s, gyrv_y=-59.815°/s, gyrv_z=-96.617°/s, time=7085.423
acc_x=-4.840m/s, acc_y=2.627m/s, acc_z=18.036m/s, gyrv_x=69.011°/s, gyrv_y=-50.864°/s, gyrv_z=-139.755°/s, time=7085.482
acc_x=1.223m/s, acc_y=-8.725m/s, acc_z=8.063m/s, gyrv_x=101.736°/s, gyrv_y=-16.791°/s, gyrv_z=-105.726°/s, time=7085.536
acc_x=-4.384m/s, acc_y=9.611m/s, acc_z=11.233m/s, gyrv_x=51.616°/s, gyrv_y=-56.796°/s, gyrv_z=-106.155°/s, time=7085.594
acc_x=2.521m/s, acc_y=-3.909m/s, acc_z=7.370m/s, gyrv_x=49.157°/s, gyrv_y=-15.172°/s, gyrv_z=22.557°/s, time=7085.654
acc_x=2.032m/s, acc_y=2.346m/s, acc_z=8.693m/s, gyrv_x=-18.191°/s, gyrv_y=24.920°/s, gyrv_z=-41.387°/s, time=7085.705
acc_x=9.612m/s, acc_y=-3.090m/s, acc_z=10.723m/s, gyrv_x=44.441°/s, gyrv_y=-20.046°/s, gyrv_z=36.391°/s, time=7085.753
acc_x=3.832m/s, acc_y=-9.416m/s, acc_z=10.414m/s, gyrv_x=101.334°/s, gyrv_y=-53.541°/s, gyrv_z=-93.144°/s, time=7085.801
acc_x=4.608m/s, acc_y=-6.057m/s, acc_z=10.065m/s, gyrv_x=88.279°/s, gyrv_y=-65.266°/s, gyrv_z=-83.799°/s, time=7085.857
acc_x=2.945m/s, acc_y=1.982m/s, acc_z=12.467m/s, gyrv_x=73.159°/s, gyrv_y=-44.187°/s, gyrv_z=-130.348°/s, time=7085.917
acc_x=-7.333m/s, acc_y=1.916m/s, acc_z=8.909m/s, gyrv_x=38.964°/s, gyrv_y=-36.470°/s, gyrv_z=-150.823°/s, time=7085.978
acc_x=-17.694m/s, acc_y=-1.499m/s, acc_z=6.698m/s, gyrv_x=62.545°/s, gyrv_y=-42.735°/s, gyrv_z=-49.035°/s, time=7086.038
acc_x=6.316m/s, acc_y=-5.775m/s, acc_z=15.424m/s, gyrv_x=93.240°/s, gyrv_y=-12.792°/s, gyrv_z=-139.387°/s, time=7086.091
acc_x=5.406m/s, acc_y=-4.739m/s, acc_z=17.430m/s, gyrv_x=-22.137°/s, gyrv_y=-63.796°/s, gyrv_z=35.630°/s, time=7086.146
acc_x=-3.519m/s, acc_y=0.675m/s, acc_z=5.487m/s, gyrv_x=22.654°/s, gyrv_y=-53.174°/s, gyrv_z=-176.260°/s, time=7086.195
acc_x=4.840m/s, acc_y=1.440m/s, acc_z=12.572m/s, gyrv_x=85.934°/s, gyrv_y=36.724°/s, gyrv_z=-161.813°/s, time=7086.251
acc_x=1.538m/s, acc_y=-6.195m/s, acc_z=9.033m/s, gyrv_x=63.184°/s, gyrv_y=28.367°/s, gyrv_z=-159.687°/s, time=7086.307
acc_x=1.542m/s, acc_y=4.904m/s, acc_z=6.095m/s, gyrv_x=80.841°/s, gyrv_y=33.705°/s, gyrv_z=-59.780°/s, time=7086.365
acc_x=5.486m/s, acc_y=-1.330m/s, acc_z=7.251m/s, gyrv_x=98.700°/s, gyrv_y=-60.856°/s, gyrv_z=-97.134°/s, time=7086.417
acc_x=0.018m/s, acc_y=5.676m/s, acc_z=10.234m/s, gyrv_x=65.257°/s, gyrv_y=-53.769°/s, gyrv_z=-156.327°/s, time=7086.471
acc_x=-9.604m/s, acc_y=7.344m/s, acc_z=12.937m/s, gyrv_x=82.416°/s, gyrv_y=32.366°/s, gyrv_z=-135.108°/s, time=7086.531
acc_x=3.103m/s, acc_y=-11.816m/s, acc_z=10.505m/s, gyrv_x=47.880°/s, gyrv_y=-59.141°/s, gyrv_z=-146.370°/s, time=7086.590
acc_x=-2.642m/s, acc_y=5.220m/s, acc_z=10.961m/s, gyrv_x=71.934°/s, gyrv_y=-17.552°/s, gyrv_z=17.167°/s, time=7086.642
acc_x=-12.555m/s, acc_y=-3.873m/s, acc_z=7.388m/s, gyrv_x=-25.970°/s, gyrv_y=-20.667°/s, gyrv_z=-54.985°/s, time=7086.698
acc_x=-4.984m/s, acc_y=-0.354m/s, acc_z=11.982m/s, gyrv_x=-50.645°/s, gyrv_y=34.667°/s, gyrv_z=-66.824°/s, time=7086.746
acc_x=-6.864m/s, acc_y=-1.951m/s, acc_z=10.410m/s, gyrv_x=64.461°/s, gyrv_y=36.916°/s, gyrv_z=-54.784°/s, time=7086.793
acc_x=0.495m/s, acc_y=1.645m/s, acc_z=7.333m/s, gyrv_x=91.919°/s, gyrv_y=-21.726°/s, gyrv_z=-120.916°/s, time=7086.845
acc_x=10.610m/s, acc_y=-6.764m/s, acc_z=8.798m/s, gyrv_x=-34.449°/s, gyrv_y=-38.841°/s, gyrv_z=-28.656°/s, time=7086.904
acc_x=-4.834m/s, acc_y=0.690m/s, acc_z=7.176m/s, gyrv_x=81.900°/s, gyrv_y=35.752°/s, gyrv_z=-25.287°/s, time=7086.956
acc_x=1.984m/s, acc_y=3.519m/s, acc_z=9.147m/s, gyrv_x=-36.680°/s, gyrv_y=-11.541°/s, gyrv_z=-45.377°/s, time=7087.009
acc_x=3.017m/s, acc_y=5.088m/s, acc_z=8.371m/s, gyrv_x=36.514°/s, gyrv_y=-18.104°/s, gyrv_z=-16.100°/s, time=7087.056
acc_x=8.307m/s, acc_y=8.717m/s, acc_z=9.096m/s, gyrv_x=-38.141°/s, gyrv_y=-21.621°/s, gyrv_z=-66.264°/s, time=7087.104
acc_x=9.168m/s, acc_y=4.627m/s, acc_z=9.108m/s, gyrv_x=-17.999°/s, gyrv_y=29.662°/s, gyrv_z=18.804°/s, time=7087.153
acc_x=2.293m/s, acc_y=8.248m/s, acc_z=12.747m/s, gyrv_x=73.351°/s, gyrv_y=26.224°/s, gyrv_z=20.116°/s, time=7087.201
acc_x=3.958m/s, acc_y=4.482m/s, acc_z=17.423m/s, gyrv_x=-31.596°/s, gyrv_y=-21.569°/s, gyrv_z=-52.395°/s, time=7087.252
acc_x=-0.815m/s, acc_y=-3.474m/s, acc_z=8.258m/s, gyrv_x=-34.046°/s, gyrv_y=39.235°/s, gyrv_z=21.857°/s, time=7087.301
acc_x=7.331m/s, acc_y=2.125m/s, acc_z=7.464m/s, gyrv_x=7.087°/s, gyrv_y=-20.816°/s, gyrv_z=-47.626°/s, time=7087.351
acc_x=-0.261m/s, acc_y=0.240m/s, acc_z=17.901m/s, gyrv_x=-45.482°/s, gyrv_y=30.310°/s, gyrv_z=0.429°/s, time=7087.398
acc_x=11.684m/s, acc_y=9.479m/s, acc_z=8.487m/s, gyrv_x=52.946°/s, gyrv_y=19.994°/s, gyrv_z=-30.651°/s, time=7087.446
acc_x=5.828m/s, acc_y=14.489m/s, acc_z=9.287m/s, gyrv_x=57.452°/s, gyrv_y=-49.359°/s, gyrv_z=-164.158°/s, time=7087.493
acc_x=11.754m/s, acc_y=0.487m/s, acc_z=12.160m/s, gyrv_x=90.151°/s, gyrv_y=-56.359°/s, gyrv_z=-97.379°/s, time=7087.552
acc_x=-2.276m/s, acc_y=-8.594m/s, acc_z=3.779m/s, gyrv_x=82.836°/s, gyrv_y=-69.659°/s, gyrv_z=-132.816°/s, time=7087.614
acc_x=12.119m/s, acc_y=-1.834m/s, acc_z=9.339m/s, gyrv_x=60.480°/s, gyrv_y=-39.742°/s, gyrv_z=19.924°/s, time=7087.675
acc_x=8.366m/s, acc_y=0.233m/s, acc_z=10.964m/s, gyrv_x=56.700°/s, gyrv_y=-12.092°/s, gyrv_z=22.557°/s, time=7087.734
acc_x=0.769m/s, acc_y=4.588m/s, acc_z=13.802m/s, gyrv_x=91.166°/s, gyrv_y=-45.920°/s, gyrv_z=17.631°/s, time=7087.782
acc_x=1.710m/s, acc_y=4.568m/s, acc_z=9.621m/s, gyrv_x=73.500°/s, gyrv_y=-46.366°/s, gyrv_z=-54.066°/s, time=7087.836
acc_x=-10.280m/s, acc_y=2.382m/s, acc_z=11.100m/s, gyrv_x=83.702°/s, gyrv_y=-55.274°/s, gyrv_z=-155.295°/s, time=7087.890
acc_x=-4.440m/s, acc_y=-5.965m/s, acc_z=9.531m/s, gyrv_x=95.445°/s, gyrv_y=-18.007°/s, gyrv_z=-158.751°/s, time=7087.950
acc_x=-7.921m/s, acc_y=0.238m/s, acc_z=8.058m/s, gyrv_x=93.100°/s, gyrv_y=-51.459°/s, gyrv_z=-167.335°/s, time=7088.010
acc_x=-0.918m/s, acc_y=3.005m/s, acc_z=10.543m/s, gyrv_x=60.559°/s, gyrv_y=26.530°/s, gyrv_z=-82.329°/s, time=7088.072
acc_x=-0.016m/s, acc_y=7.099m/s, acc_z=8.430m/s, gyrv_x=-39.217°/s, gyrv_y=-21.350°/s, gyrv_z=-46.060°/s, time=7088.132
acc_x=-1.077m/s, acc_y=2.767m/s, acc_z=14.335m/s, gyrv_x=86.450°/s, gyrv_y=-20.116°/s, gyrv_z=-45.649°/s, time=7088.183
acc_x=4.130m/s, acc_y=0.341m/s, acc_z=8.193m/s, gyrv_x=-40.049°/s, gyrv_y=28.761°/s, gyrv_z=6.974°/s, time=7088.242
acc_x=-1.180m/s, acc_y=-2.528m/s, acc_z=10.052m/s, gyrv_x=62.090°/s, gyrv_y=-42.131°/s, gyrv_z=-130.208°/s, time=7088.294
acc_x=6.550m/s, acc_y=-6.199m/s, acc_z=6.371m/s, gyrv_x=49.079°/s, gyrv_y=-54.521°/s, gyrv_z=-89.127°/s, time=7088.351
acc_x=-3.663m/s, acc_y=-5.728m/s, acc_z=11.127m/s, gyrv_x=63.691°/s, gyrv_y=31.264°/s, gyrv_z=24.789°/s, time=7088.414
acc_x=-0.413m/s, acc_y=11.956m/s, acc_z=12.393m/s, gyrv_x=45.710°/s, gyrv_y=-0.009°/s, gyrv_z=-22.347°/s, time=7088.471
acc_x=-1.673m/s, acc_y=-0.293m/s, acc_z=11.937m/s, gyrv_x=49.446°/s, gyrv_y=-16.327°/s, gyrv_z=20.764°/s, time=7088.525
acc_x=-4.878m/s, acc_y=-3.249m/s, acc_z=10.756m/s, gyrv_x=39.900°/s, gyrv_y=37.284°/s, gyrv_z=-68.967°/s, time=7088.581
acc_x=-0.098m/s, acc_y=-0.964m/s, acc_z=12.800m/s, gyrv_x=57.855°/s, gyrv_y=-8.776°/s, gyrv_z=20.799°/s, time=7088.637
acc_x=-0.257m/s, acc_y=-4.586m/s, acc_z=12.427m/s, gyrv_x=36.645°/s, gyrv_y=-40.512°/s, gyrv_z=-66.867°/s, time=7088.693
acc_x=-7.907m/s, acc_y=-0.632m/s, acc_z=7.094m/s, gyrv_x=-44.012°/s, gyrv_y=-7.490°/s, gyrv_z=-50.356°/s, time=7088.756
acc_x=-2.018m/s, acc_y=3.910m/s, acc_z=13.483m/s, gyrv_x=54.154°/s, gyrv_y=31.596°/s, gyrv_z=24.237°/s, time=7088.808
